Synchronised for index in Unity SpawnFountain,,,,,,,,,,,,,,,,,,,,,,,,,,,,,,,,,,,,,,,,,,,,,,,,,,,,,,,,,,,,,,,,,,,,,,,,,,,,,,,,,,,,,,,,
1,2,9,3,8,4,7,5,6,11,12,10,13,18,14,17,15,16,39,40,38,41,37,42,45,43,44,22,23,21,24,20,25,19,26,27,32,33,31,34,30,35,29,36,28
2,3,1,4,9,5,8,6,7,12,13,11,14,10,15,18,16,17,40,41,39,42,38,43,37,44,45,23,24,22,25,21,26,20,27,19,33,34,32,35,31,36,30,28,29
16,15,17,14,18,13,10,12,11,26,25,27,24,19,23,20,22,21,9,8,1,7,2,6,3,5,4,28,36,29,35,30,34,31,33,32,38,37,39,45,40,44,41,43,42
17,16,18,15,10,14,11,13,12,27,26,19,25,20,24,21,23,22,1,9,2,8,3,7,4,6,5,29,28,30,36,31,35,32,34,33,39,38,40,37,41,45,42,44,43
23,19,24,27,25,26,21,22,20,33,29,34,28,35,36,31,32,30,16,12,17,11,18,10,14,15,13,44,40,45,39,37,38,42,43,41,9,5,1,4,2,3,7,8,6
24,20,25,19,26,27,22,23,21,34,30,35,29,36,28,32,33,31,17,13,18,12,10,11,15,16,14,45,41,37,40,38,39,43,44,42,1,6,2,5,3,4,8,9,7
34,29,33,30,32,31,36,35,28,44,39,43,40,42,41,37,45,38,27,22,26,23,25,24,20,19,21,1,5,9,6,8,7,3,2,4,11,15,10,16,18,17,13,12,14
35,30,34,31,33,32,28,36,29,45,40,44,41,43,42,38,37,39,19,23,27,24,26,25,21,20,22,2,6,1,7,9,8,4,3,5,12,16,11,17,10,18,14,13,15
38,45,37,41,42,40,43,39,44,3,1,2,6,7,5,8,4,9,31,29,30,34,35,33,36,32,28,14,12,13,17,18,16,10,15,11,24,22,23,27,19,26,20,25,21
39,37,38,42,43,41,44,40,45,4,2,3,7,8,6,9,5,1,32,30,31,35,36,34,28,33,29,15,13,14,18,10,17,11,16,12,27,20,19,24,23,25,22,26,21
32,34,33,29,28,30,36,31,35,24,26,25,21,20,22,19,23,27,43,45,44,40,39,41,38,42,37,17,10,18,14,13,15,12,16,11,7,5,6,3,8,4,1,2,9
33,35,34,30,29,31,28,32,36,25,27,26,22,21,23,20,24,19,44,37,45,41,40,42,39,43,38,16,14,15,12,17,13,10,11,18,8,6,7,4,9,5,2,3,1
40,38,39,45,41,37,43,44,42,32,30,31,28,33,29,35,36,34,6,4,5,2,7,3,9,1,8,27,20,19,22,26,21,24,23,25,10,12,11,14,18,13,16,15,17
41,39,40,37,42,38,44,45,43,33,31,32,29,34,30,36,28,35,9,2,1,4,8,3,6,5,7,19,21,20,23,27,22,25,24,26,11,13,12,15,10,14,17,16,18
7,9,8,2,6,1,4,3,5,44,37,45,39,43,38,41,40,42,10,11,18,16,14,15,12,17,13,29,30,28,35,33,34,31,36,32,21,22,20,27,25,26,23,19,24
8,1,9,3,7,2,5,4,6,37,38,45,43,41,42,39,44,40,11,12,10,17,15,16,13,18,14,30,31,29,36,34,35,32,28,33,22,23,21,19,26,27,24,20,25
18,10,17,15,13,14,11,16,12,6,5,7,9,2,1,4,8,3,25,24,26,19,21,20,23,27,22,44,43,45,38,40,39,42,37,41,36,35,28,30,32,31,34,29,33
15,14,16,18,11,10,13,17,12,7,6,8,1,3,2,5,9,4,26,25,27,20,22,21,24,19,23,45,44,37,39,41,40,43,38,42,28,36,29,31,33,32,35,30,34
21,26,22,19,20,27,25,23,24,13,18,14,11,12,10,17,15,16,32,28,33,30,31,29,36,34,35,6,2,7,4,5,3,1,8,9,43,39,44,41,42,40,38,45,37
22,27,23,20,21,19,26,24,25,14,10,15,12,13,11,18,16,17,33,29,34,31,32,30,28,35,36,7,3,8,5,6,4,2,9,1,44,40,45,42,43,41,39,37,38
41,45,40,43,42,44,37,39,38,33,28,32,35,34,36,29,31,30,25,20,24,27,26,19,21,23,22,17,12,16,10,18,11,13,15,14,9,4,8,2,1,3,5,7,6
42,37,41,44,43,45,38,40,39,34,29,33,36,35,28,30,32,31,26,21,25,19,27,20,22,24,23,18,13,17,11,10,12,14,16,15,1,5,9,3,2,4,6,8,7
6,9,7,8,3,4,2,5,1,43,37,44,45,40,41,39,42,38,35,29,36,28,32,33,31,34,30,27,21,19,20,24,25,23,26,22,10,13,11,12,16,17,15,18,14
7,1,8,9,4,5,3,6,2,44,38,45,37,41,42,40,43,39,36,30,28,29,33,34,32,35,31,19,22,20,21,25,26,24,27,23,11,14,12,13,17,18,16,10,15
15,12,14,13,18,17,10,16,11,7,4,6,5,1,9,2,8,3,44,41,43,42,38,37,39,45,40,36,33,35,34,30,29,31,28,32,19,25,27,26,22,21,23,20,24
16,13,15,14,10,18,11,17,12,8,5,7,6,2,1,3,9,4,45,42,44,43,39,38,40,37,41,28,34,36,35,31,30,32,29,33,20,26,19,27,23,22,24,21,25
19,23,24,22,25,21,26,20,27,11,15,16,14,17,13,18,12,10,3,7,8,6,9,5,1,4,2,40,44,45,43,37,42,38,41,39,32,36,28,35,29,34,30,33,31
20,24,25,23,26,22,27,21,19,12,16,17,15,18,14,10,13,11,4,8,9,7,1,6,2,5,3,41,45,37,44,38,43,39,42,40,28,33,32,34,31,35,30,36,29
33,29,28,30,36,31,35,32,34,25,21,20,22,19,23,27,24,26,17,13,12,14,11,15,10,16,18,9,5,4,6,3,7,2,8,1,45,39,44,40,43,41,42,37,38
34,30,29,31,28,32,36,33,35,26,22,21,23,20,24,19,25,27,18,14,13,15,12,16,11,17,10,9,3,8,4,7,5,6,1,2,37,40,45,41,44,42,43,38,39
42,45,41,37,40,38,39,43,44,7,1,6,2,5,3,4,8,9,17,11,16,12,15,13,14,18,10,25,22,26,21,27,20,19,24,23,35,32,36,31,28,30,29,34,33
43,37,42,38,41,39,40,44,45,8,2,7,3,6,4,5,9,1,16,13,17,12,18,11,10,15,14,26,23,27,22,19,21,20,25,24,36,33,28,32,29,31,30,35,34
5,2,6,1,7,9,8,4,3,15,12,16,11,17,10,18,14,13,22,19,20,27,25,23,24,21,26,32,29,30,28,35,33,34,31,36,42,39,40,38,45,43,44,41,37
6,3,7,2,8,1,9,5,4,13,10,11,18,16,14,15,12,17,23,20,21,19,26,24,25,22,27,33,30,31,29,36,34,35,32,28,43,40,41,39,37,44,45,42,38
12,18,10,17,15,13,14,11,16,21,24,23,25,27,20,19,22,26,31,34,33,35,28,30,29,32,36,41,44,43,45,38,40,39,42,37,6,9,8,1,3,5,4,7,2
12,15,14,16,18,11,10,13,17,22,25,24,26,19,21,20,23,27,32,35,34,36,29,31,30,33,28,42,45,44,37,39,41,40,43,38,7,1,9,2,4,6,5,8,3
24,21,26,22,19,20,27,25,23,34,31,36,32,29,30,28,35,33,44,41,37,42,39,40,38,45,43,9,6,2,7,4,5,3,1,8,10,16,12,17,14,15,13,11,18
25,22,27,23,20,21,19,26,24,35,32,28,33,30,31,29,36,34,45,42,38,43,40,41,39,37,44,1,7,3,8,5,6,4,2,9,11,17,13,18,15,16,14,12,10
29,32,36,31,34,33,35,28,30,39,42,37,41,44,43,45,38,40,4,7,2,6,9,8,1,3,5,14,17,12,16,10,18,11,13,15,24,27,22,26,20,19,21,23,25
30,33,28,32,35,34,36,29,31,40,43,38,42,45,44,37,39,41,5,8,3,7,1,9,2,4,6,15,18,13,17,11,10,12,14,16,25,19,23,27,21,20,22,24,26
29,36,34,35,32,28,33,30,31,39,37,44,45,42,38,43,40,41,4,2,9,1,7,3,8,5,6,14,12,10,11,17,13,18,15,16,24,22,20,21,27,23,19,25,26
30,28,35,36,33,29,34,31,32,40,38,45,37,43,39,44,41,42,5,3,1,2,8,4,9,6,7,15,13,11,12,18,14,10,16,17,25,23,21,22,19,24,20,26,27
37,39,41,40,43,38,42,45,44,2,4,6,5,8,3,7,1,9,12,14,16,15,18,13,17,11,10,22,24,26,25,19,23,27,21,20,32,34,36,35,29,33,28,31,30
38,40,42,41,44,39,43,37,45,3,5,7,6,9,4,8,2,1,13,15,17,16,10,14,18,12,11,23,25,27,26,20,24,19,22,21,33,35,28,36,30,34,29,32,31
5,6,4,7,3,8,2,9,1,15,16,14,17,13,18,12,10,11,25,26,24,27,23,19,22,20,21,35,36,34,28,33,29,32,30,31,45,37,44,38,43,39,42,40,41
6,7,5,8,4,9,3,1,2,16,17,15,18,14,10,13,11,12,26,27,25,19,24,20,23,21,22,36,28,35,29,34,30,33,31,32,42,41,43,40,44,39,45,38,37
11,10,12,18,13,17,14,16,15,21,20,22,19,23,27,24,26,25,31,30,32,29,33,28,34,36,35,41,40,42,39,43,38,44,37,45,5,6,1,2,9,3,8,4,7
12,11,13,10,14,18,15,17,16,22,21,23,20,24,19,25,27,26,32,31,33,30,34,29,35,28,36,41,42,37,38,45,39,44,40,43,6,7,2,3,1,4,9,5,8
20,21,25,26,24,27,23,19,22,30,31,35,36,34,28,33,29,32,40,41,45,37,44,38,43,39,42,2,1,6,5,7,4,8,3,9,12,11,16,15,17,14,18,13,10
21,22,26,27,25,19,24,20,23,31,32,36,28,35,29,34,30,33,38,37,42,41,43,40,44,39,45,3,2,7,6,8,5,9,4,1,13,12,17,16,18,15,10,14,11
9,8,4,3,5,2,6,1,7,37,45,41,40,42,39,43,38,44,29,36,30,35,31,34,32,33,28,21,19,22,27,23,26,24,25,20,13,11,14,10,15,18,16,17,12
1,9,5,4,6,3,7,2,8,38,45,39,44,40,43,41,42,37,30,28,31,36,32,35,33,34,29,22,20,23,19,24,27,25,26,21,14,12,15,11,16,10,17,18,13
10,17,11,16,12,15,13,14,18,5,7,4,8,3,9,2,1,6,42,44,41,45,40,37,39,38,43,34,36,33,28,32,29,31,30,35,26,19,25,20,24,21,23,22,27
14,16,13,17,12,18,11,10,15,6,8,5,9,4,1,3,2,7,43,45,42,37,41,38,40,39,44,35,28,34,29,33,30,32,31,36,27,20,26,21,25,22,24,23,19
25,23,24,19,20,27,21,26,22,17,15,16,11,12,10,13,18,14,9,7,8,3,4,2,5,1,6,37,44,45,40,41,39,42,38,43,29,36,28,32,33,31,34,30,35
26,24,25,20,21,19,22,27,23,18,16,17,12,13,11,14,10,15,1,8,9,4,5,3,6,2,7,38,45,37,41,42,40,43,39,44,30,28,29,33,34,32,35,31,36
28,30,29,34,33,35,32,36,31,20,22,21,26,25,27,24,19,23,12,14,13,18,17,10,16,11,15,4,6,5,1,9,2,8,3,7,41,43,42,38,37,39,45,40,44
29,31,30,35,34,36,33,28,32,21,23,22,27,26,19,25,20,24,13,15,14,10,18,11,17,12,16,5,7,6,2,1,3,9,4,8,42,44,43,39,38,40,37,41,45
43,44,39,42,45,40,38,41,37,35,36,31,34,28,32,30,33,29,27,19,23,26,20,24,22,25,21,10,11,15,18,12,16,14,17,13,2,3,7,1,4,8,6,9,5
44,45,40,43,37,41,39,42,38,36,28,32,35,29,33,31,34,30,19,20,24,27,21,25,23,26,22,11,12,16,10,13,17,15,18,14,3,4,8,2,5,9,7,1,6