Time;Frame;Speed;DistanceToOptimalPath;Position;Rotation;SteeringInput;UpcomingOperation;ThrottleInput;BrakeInput;TrackProgress
0;1;0,429208;1000;(0.000, 0.000, -59.300);(0.000, 0.000, 0.000);0;Left;0;2800;Unkown
0;2;1,647997;1000;(0.000, 0.008, -59.299);(359.921, 0.000, 359.985);0;Left;0;2800;Unkown
0;3;1,70135;1000;(0.000, 0.055, -59.299);(359.853, 0.001, 0.005);0;Left;0;2800;Unkown
0;4;0,985655;1000;(0.000, 0.193, -59.298);(359.655, 0.002, 359.892);0;Left;0;2800;Unkown
0;5;0,8875369;1000;(0.000, 0.210, -59.298);(359.615, 0.002, 359.871);0;Left;0;2800;Unkown
0;6;0,6913107;1000;(-0.001, 0.233, -59.297);(359.549, 0.002, 359.837);0;Left;0;2800;Unkown
0;7;0,5932019;1000;(-0.001, 0.249, -59.297);(359.492, 0.002, 359.807);0;Left;0;2800;Unkown
0;8;0,3969912;1000;(-0.001, 0.263, -59.297);(359.432, 0.002, 359.775);0;Left;0;2800;Unkown
0;9;0,2988887;1000;(-0.001, 0.273, -59.296);(359.372, 0.002, 359.744);0;Left;0;2800;Unkown
0;10;0,1026897;1000;(-0.001, 0.279, -59.296);(359.299, 0.002, 359.706);0;Left;0;2800;Unkown
0;11;0,09352151;1000;(-0.002, 0.279, -59.295);(359.225, 0.003, 359.668);0;Left;0;2800;Unkown
0;12;0,1916187;1000;(-0.002, 0.277, -59.295);(359.185, 0.003, 359.647);0;Left;0;2800;Unkown
0;13;0,2897181;1000;(-0.002, 0.272, -59.295);(359.139, 0.003, 359.623);0;Left;0;2800;Unkown
0;14;0,3878185;1000;(-0.002, 0.265, -59.295);(359.094, 0.003, 359.599);0;Left;0;2800;Unkown
0;15;0,4859197;1000;(-0.002, 0.255, -59.294);(359.045, 0.003, 359.574);0;Left;0;2800;Unkown
0;16;0,5840217;1000;(-0.002, 0.242, -59.294);(358.996, 0.004, 359.548);0;Left;0;2800;Unkown
0;17;0,682125;1000;(-0.003, 0.230, -59.294);(358.958, 0.004, 359.528);0;Left;0;2800;Unkown
0;18;0,7802295;1000;(-0.003, 0.216, -59.294);(358.918, 0.004, 359.508);0;Left;0;2800;Unkown
0;19;0,8783354;1000;(-0.003, 0.199, -59.293);(358.875, 0.004, 359.485);0;Left;0;2800;Unkown
0;20;0,9764429;1000;(-0.003, 0.182, -59.293);(358.837, 0.005, 359.465);0;Left;0;2800;Unkown
0;21;1,074552;1000;(-0.003, 0.159, -59.293);(358.789, 0.005, 359.441);0;Left;0;2800;Unkown
0;22;1,172663;1000;(-0.003, 0.138, -59.293);(358.751, 0.005, 359.420);0;Left;0;2800;Unkown
0;23;1,247578;1000;(-0.003, 0.112, -59.292);(358.718, 0.006, 359.438);0;Left;0;2800;Unkown
0;24;1,235072;1000;(-0.002, 0.083, -59.293);(358.777, 0.010, 359.706);0;Left;0;2800;Unkown
0;25;1,139686;1000;(-0.001, 0.064, -59.294);(358.978, 0.036, 359.944);0;Left;0;2800;Unkown
0;26;0,9522387;1000;(-0.001, 0.048, -59.296);(359.285, 0.064, 0.076);0;Left;0;2800;Unkown
0;27;0,6332809;1000;(-0.002, 0.034, -59.299);(359.732, 0.070, 0.132);0;Left;0;2800;Unkown
0;28;0,3075685;1000;(-0.002, 0.028, -59.301);(0.016, 0.070, 0.140);0;Left;0;2800;Unkown
0;29;0,02050969;1000;(-0.002, 0.026, -59.302);(0.249, 0.071, 0.129);0;Left;0;2800;Unkown
0;30;0,2159715;1000;(-0.002, 0.029, -59.303);(0.415, 0.069, 0.085);0;Left;0;2800;Unkown
0;31;0,3869897;1000;(-0.002, 0.035, -59.304);(0.514, 0.071, 0.065);0;Left;0;2800;Unkown
0;32;0,495311;1000;(-0.002, 0.044, -59.304);(0.549, 0.068, 0.025);0;Left;0;2800;Unkown
0;33;0,5441463;1000;(-0.002, 0.053, -59.304);(0.533, 0.067, 0.012);0;Left;0;2800;Unkown
0;34;0,5416963;1000;(-0.002, 0.062, -59.304);(0.491, 0.065, -0.001);0;Left;0;2800;Unkown
0;35;0,4981715;1000;(-0.002, 0.071, -59.304);(0.420, 0.064, 359.993);0;Left;0;2800;Unkown
0;36;0,4981715;1000;(-0.002, 0.080, -59.303);(0.332, 0.062, 359.991);0;Left;0;2800;Unkown
0;37;0,4249889;1000;(-0.002, 0.087, -59.303);(0.245, 0.061, 359.992);0;Left;0;2800;Unkown
0;38;0,3335843;1000;(-0.002, 0.092, -59.302);(0.157, 0.061, 359.993);0;Left;0;2800;Unkown
0;39;0,234553;1000;(-0.001, 0.097, -59.302);(0.066, 0.061, -0.004);0;Left;0;2800;Unkown
0;40;0,1370177;1000;(-0.001, 0.099, -59.301);(359.990, 0.062, -0.003);0;Left;0;2800;Unkown
0;41;0,04835522;1000;(-0.001, 0.100, -59.301);(359.942, 0.064, -0.002);0;Left;0;2800;Unkown
0;42;0,02791784;1000;(-0.001, 0.099, -59.301);(359.907, 0.065, -0.001);0;Left;0;2800;Unkown
0;43;0,08571112;1000;(-0.001, 0.098, -59.301);(359.885, 0.066, -0.002);0;Left;0;2800;Unkown
0;44;0,1258982;1000;(-0.001, 0.096, -59.301);(359.878, 0.066, -0.002);0;Left;0;2800;Unkown
0;45;0,1485583;1000;(-0.001, 0.093, -59.301);(359.882, 0.066, -0.003);0;Left;0;2800;Unkown
0;46;0,1553697;1000;(-0.001, 0.089, -59.301);(359.896, 0.065, -0.003);0;Left;0;2800;Unkown
0;47;0,1489207;1000;(-0.001, 0.086, -59.301);(359.917, 0.064, -0.004);0;Left;0;2800;Unkown
0;48;0,1088188;1000;(-0.001, 0.083, -59.302);(359.942, 0.063, -0.003);0;Left;0;2800;Unkown
0;49;0,08161061;1000;(-0.001, 0.081, -59.302);(359.965, 0.063, -0.003);0;Left;0;2800;Unkown
0;50;0,05352596;1000;(-0.001, 0.080, -59.302);(359.985, 0.063, -0.002);0;Left;0;2800;Unkown
0;51;0,02698355;1000;(-0.001, 0.079, -59.302);(0.003, 0.063, -0.002);0;Left;0;2800;Unkown
0;52;0,005270532;1000;(-0.001, 0.079, -59.303);(0.016, 0.063, -0.001);0;Left;0;2800;Unkown
0;53;0,01653099;1000;(-0.001, 0.079, -59.303);(0.023, 0.064, -0.001);0;Left;0;2800;Unkown
0;54;0,03041573;1000;(-0.001, 0.080, -59.303);(0.026, 0.064, 0.000);0;Left;0;2800;Unkown
0;55;0,04363864;1000;(-0.001, 0.081, -59.303);(0.026, 0.064, 0.000);0;Left;0;2800;Unkown
0;56;0,04372779;1000;(-0.001, 0.082, -59.303);(0.022, 0.064, 0.000);0;Left;0;2800;Unkown
0;57;0,04047681;1000;(-0.001, 0.083, -59.303);(0.017, 0.064, 0.000);0;Left;0;2800;Unkown
0;58;0,03480063;1000;(-0.001, 0.084, -59.303);(0.011, 0.064, 0.000);0;Left;0;2800;Unkown
0;59;0,02762715;1000;(-0.001, 0.084, -59.303);(0.006, 0.064, 0.000);0;Left;0;2800;Unkown
0;60;0,01985227;1000;(-0.001, 0.085, -59.303);(0.002, 0.064, 0.000);0;Left;0;2800;Unkown
0;61;0,00614688;1000;(-0.001, 0.085, -59.303);(-0.002, 0.064, 0.000);0;Left;0;2800;Unkown
0;62;0,004708179;1000;(-0.001, 0.085, -59.303);(-0.004, 0.064, 0.000);0;Left;0;2800;Unkown
0;63;0,007865825;1000;(-0.001, 0.085, -59.304);(359.994, 0.064, 0.000);0;Left;0;2800;Unkown
0;64;0,01079372;1000;(-0.001, 0.085, -59.304);(359.994, 0.064, 0.000);0;Left;0;2800;Unkown
0;65;0,01257135;1000;(-0.001, 0.084, -59.304);(359.994, 0.064, 0.000);0;Left;0,0647787;2800;Unkown
0;66;0,01274548;1000;(-0.001, 0.084, -59.304);(-0.005, 0.064, 0.000);0;Left;0,1277196;2800;Unkown
0;67;0,01155121;1000;(-0.001, 0.084, -59.304);(-0.004, 0.064, 0.000);0;Left;0,1960197;2800;Unkown
0;68;0,009859236;1000;(-0.001, 0.084, -59.304);(-0.003, 0.064, 0.000);0;Left;0,2612985;2800;Unkown
0;69;0,007970229;1000;(-0.001, 0.083, -59.304);(-0.002, 0.064, 0.000);0;Left;0,3283038;2800;Unkown
0;70;0,006200687;1000;(-0.001, 0.083, -59.304);(-0.001, 0.064, 0.000);0;Left;0,3949923;2800;Unkown
0;71;0,004898002;1000;(-0.001, 0.083, -59.304);(0.000, 0.064, 0.000);0;Left;0,4753113;2800;Unkown
0;72;0,009289959;1000;(-0.001, 0.083, -59.304);(0.000, 0.064, 0.000);0;Left;0,5495461;2800;Unkown
0;73;0,02536232;1000;(-0.001, 0.083, -59.304);(-0.005, 0.064, 0.000);0;Left;0,6184291;2800;Unkown
0;74;0,04470415;1000;(-0.001, 0.083, -59.304);(359.985, 0.064, 0.000);0;Left;0,6780634;2800;Unkown
0;75;0,06840241;1000;(-0.001, 0.083, -59.302);(359.969, 0.064, 0.000);0;Left;0,7524586;2800;Unkown
0;76;0,09786952;1000;(-0.001, 0.083, -59.300);(359.948, 0.064, 0.000);0;Left;0,826501;2800;Unkown
0;77;0,1347252;1000;(-0.001, 0.083, -59.297);(359.925, 0.064, 0.000);0;Left;0,8915887;2800;Unkown
0;78;0,1743903;1000;(-0.001, 0.083, -59.293);(359.897, 0.064, 0.000);0;Left;0,9636394;2800;Unkown
0;79;0,2605868;1000;(-0.001, 0.082, -59.288);(359.869, 0.064, 0.000);0;Left;1;2800;Unkown
0;80;0,3184133;1000;(-0.001, 0.082, -59.281);(359.839, 0.064, 0.000);0;Left;1;2800;Unkown
0;81;0,3821105;1000;(-0.001, 0.082, -59.273);(359.812, 0.064, 0.000);0;Left;1;2800;Unkown
0;82;0,4476058;1000;(-0.001, 0.082, -59.265);(359.786, 0.064, 0.000);0;Left;1;2800;Unkown
0;83;0,5140817;1000;(-0.001, 0.081, -59.252);(359.753, 0.064, 0.000);0;Left;1;2800;Unkown
0;84;0,580391;1000;(-0.001, 0.081, -59.239);(359.729, 0.064, 0.000);0;Left;1;2800;Unkown
0;85;0,7135697;1000;(-0.001, 0.081, -59.223);(359.709, 0.064, 0.000);0;Left;1;2800;Unkown
0;86;0,7817225;1000;(-0.001, 0.081, -59.207);(359.697, 0.064, 0.000);0;Left;1;2800;Unkown
0;87;0,8498242;1000;(-0.001, 0.081, -59.188);(359.689, 0.064, 0.000);0;Left;1;2800;Unkown
0;88;0,9170799;1000;(-0.001, 0.081, -59.164);(359.687, 0.064, 0.000);0;Left;1;2800;Unkown
0;89;0,9840878;1000;(-0.001, 0.081, -59.143);(359.689, 0.064, 0.000);0;Left;1;2800;Unkown
0;90;1,051262;1000;(-0.001, 0.081, -59.121);(359.693, 0.064, 0.000);0;Left;1;2800;Unkown
0;91;1,184149;1000;(-0.001, 0.081, -59.096);(359.699, 0.064, 0.000);0;Left;1;2800;Unkown
0;92;1,248145;1000;(-0.001, 0.081, -59.070);(359.706, 0.064, 0.000);0;Left;1;2800;Unkown
0;93;1,313623;1000;(-0.001, 0.081, -59.040);(359.714, 0.064, 0.000);0;Left;1;2800;Unkown
0;94;1,37916;1000;(0.000, 0.081, -59.009);(359.721, 0.064, 0.000);0;Left;1;2800;Unkown
0;95;1,444525;1000;(0.000, 0.081, -58.973);(359.727, 0.064, 0.000);0;Left;1;2800;Unkown
0;96;1,509332;1000;(0.000, 0.081, -58.938);(359.732, 0.064, 0.000);0;Left;1;2800;Unkown
0;97;1,574224;1000;(0.000, 0.081, -58.905);(359.734, 0.064, 0.000);0;Left;1;2800;Unkown
0;98;1,639371;1000;(0.000, 0.081, -58.872);(359.735, 0.064, 0.000);0;Left;1;2800;Unkown
0;99;1,769547;1000;(0.000, 0.081, -58.834);(359.736, 0.064, 0.000);0;Left;1;2800;Unkown
0;100;1,834517;1000;(0.000, 0.081, -58.793);(359.735, 0.064, 0.000);0;Left;1;2800;Unkown
0;101;1,899912;1000;(0.000, 0.081, -58.749);(359.734, 0.064, 0.000);0;Left;1;2800;Unkown
0;102;1,965394;1000;(0.000, 0.081, -58.705);(359.732, 0.064, 0.000);0;Left;1;2800;Unkown
0;103;2,030829;1000;(0.000, 0.081, -58.655);(359.730, 0.064, 0.000);0;Left;1;2800;Unkown
0;104;2,161813;1000;(0.000, 0.081, -58.597);(359.728, 0.064, 0.000);0;Left;1;2800;Unkown
0;105;2,22759;1000;(0.000, 0.081, -58.553);(359.726, 0.064, 0.000);0;Left;1;2800;Unkown
0;106;2,293325;1000;(0.000, 0.081, -58.506);(359.725, 0.064, 0.000);0;Left;1;2800;Unkown
0;107;2,358767;1000;(0.000, 0.081, -58.455);(359.724, 0.064, 0.000);0;Left;0,9345301;2800;Unkown
0;108;2,424643;1000;(0.000, 0.081, -58.399);(359.723, 0.064, 0.000);0;Left;0,8638162;2800;Unkown
0;109;2,490512;1000;(0.000, 0.081, -58.343);(359.723, 0.064, 0.000);0;Left;0,7958485;2800;Unkown
0;110;2,556327;1000;(0.000, 0.081, -58.278);(359.723, 0.064, 0.000);0;Left;0,7193644;2800;Unkown
0;111;2,686665;1000;(0.000, 0.081, -58.215);(359.723, 0.064, 0.000);0;Left;0,6465112;2800;Unkown
0;112;2,751226;1000;(0.000, 0.081, -58.148);(359.724, 0.064, 0.000);0;Left;0,5723125;2800;Unkown
0;113;2,814809;1000;(0.001, 0.081, -58.087);(359.725, 0.064, 0.000);0;Left;0,5069902;2800;Unkown
0;114;2,876082;1000;(0.001, 0.081, -58.023);(359.727, 0.064, 0.000);0;Left;0,4392142;2800;Unkown
0;115;2,93323;1000;(0.001, 0.081, -57.952);(359.732, 0.064, 0.000);0;Left;0,3664984;2800;Unkown
0;116;3,028382;1000;(0.001, 0.081, -57.869);(359.743, 0.064, 0.000);0;Left;0,2829478;2800;Unkown
0;117;3,06464;1000;(0.001, 0.081, -57.795);(359.759, 0.064, 0.000);0;Left;0,2098003;2800;Unkown
0;118;3,094485;1000;(0.001, 0.082, -57.713);(359.785, 0.064, 0.000);0;Left;0,1299772;2800;Unkown
0;119;3,138576;1000;(0.001, 0.082, -57.633);(359.817, 0.064, 0.000);0;Left;0,05189589;2800;Unkown
0;120;3,156391;1000;(0.001, 0.082, -57.551);(359.853, 0.064, 0.000);0;Left;0;2800;Unkown
0;121;3,168629;1000;(0.001, 0.082, -57.479);(359.885, 0.064, 0.000);0;Left;0;2800;Unkown
0;122;3,175024;1000;(0.001, 0.083, -57.402);(359.918, 0.064, 0.000);0;Left;0;2800;Unkown
0;123;3,178072;1000;(0.001, 0.083, -57.327);(359.948, 0.064, 0.000);0;Left;0;2800;Unkown
0;124;3,178033;1000;(0.001, 0.083, -57.248);(359.977, 0.064, 0.000);0;Left;0;2800;Unkown
0;125;3,175996;1000;(0.002, 0.083, -57.175);(-0.001, 0.064, 0.000);0;Left;0;2800;Unkown
0;126;3,173036;1000;(0.002, 0.084, -57.080);(0.021, 0.064, 0.000);0;Left;0;2800;Unkown
0;127;3,165179;1000;(0.002, 0.084, -56.991);(0.034, 0.064, 0.000);0;Left;0;2800;Unkown
0;128;3,160506;1000;(0.002, 0.084, -56.910);(0.039, 0.064, 0.000);0;Left;0;2800;Unkown
0;129;3,155377;1000;(0.002, 0.084, -56.835);(0.041, 0.064, 0.000);0;Left;0;2800;Unkown
0;130;3,149819;1000;(0.002, 0.084, -56.767);(0.040, 0.064, 0.000);0;Left;0;2800;Unkown
0;131;3,143857;1000;(0.002, 0.084, -56.692);(0.038, 0.064, 0.000);0;Left;0;2800;Unkown
0;132;3,130817;1000;(0.002, 0.084, -56.618);(0.034, 0.064, 0.000);0;Left;0;2800;Unkown
0;133;3,123786;1000;(0.002, 0.084, -56.541);(0.031, 0.064, 0.000);0;Left;0;2800;Unkown
0;134;3,116442;1000;(0.002, 0.084, -56.468);(0.028, 0.064, 0.000);0;Left;0;2800;Unkown
0;135;3,100894;1000;(0.002, 0.084, -56.373);(0.026, 0.064, 0.000);0;Left;0;2800;Unkown
0;136;3,092727;1000;(0.003, 0.084, -56.290);(0.026, 0.064, 0.000);0;Left;0;2800;Unkown
0;137;3,084321;1000;(0.003, 0.084, -56.227);(0.026, 0.064, 0.000);0;Left;0;2800;Unkown
0;138;3,075691;1000;(0.003, 0.084, -56.157);(0.028, 0.064, 0.000);0;Left;0;2800;Unkown
0;139;3,067083;1000;(0.003, 0.084, -56.088);(0.029, 0.064, 0.000);0;Left;0;2800;Unkown
0;140;3,058594;1000;(0.003, 0.084, -56.021);(0.031, 0.064, 0.000);0;Left;0;2800;Unkown
0;141;3,050203;1000;(0.003, 0.084, -55.955);(0.032, 0.064, 0.000);0;Left;0;2800;Unkown
0;142;3,041907;1000;(0.003, 0.084, -55.883);(0.034, 0.064, 0.000);0;Left;0;2800;Unkown
0;143;3,025591;1000;(0.003, 0.084, -55.793);(0.035, 0.064, 0.000);0;Left;0;2800;Unkown
0;144;3,017566;1000;(0.003, 0.084, -55.710);(0.035, 0.064, 0.000);0;Left;0;2800;Unkown
0;145;3,009628;1000;(0.003, 0.084, -55.642);(0.035, 0.064, 0.000);0;Left;0;2800;Unkown
0;146;3,001774;1000;(0.003, 0.084, -55.582);(0.035, 0.064, 0.000);0;Left;0;2800;Unkown
0;147;2,986313;1000;(0.003, 0.084, -55.502);(0.034, 0.064, 0.000);0;Left;0;2800;Unkown
0;148;2,978703;1000;(0.003, 0.084, -55.434);(0.033, 0.064, 0.000);0;Left;0;2800;Unkown
0;149;2,971169;1000;(0.004, 0.084, -55.369);(0.032, 0.064, 0.000);0;Left;0;2800;Unkown
0;150;2,963711;1000;(0.004, 0.084, -55.290);(0.031, 0.064, 0.000);0;Left;0;2800;Unkown
0;151;2,949015;1000;(0.004, 0.084, -55.215);(0.030, 0.064, 0.000);0;Left;0;2800;Unkown
0;152;2,941773;1000;(0.004, 0.084, -55.136);(0.029, 0.064, 0.000);0;Left;0;2800;Unkown
0;153;2,9346;1000;(0.004, 0.084, -55.070);(0.029, 0.064, 0.000);0;Left;0;2800;Unkown
0;154;2,927493;1000;(0.004, 0.084, -55.005);(0.029, 0.064, 0.000);0;Left;0;2800;Unkown
0;155;2,920452;1000;(0.004, 0.084, -54.934);(0.028, 0.064, 0.000);0;Left;0;2800;Unkown
0;156;2,906558;1000;(0.004, 0.084, -54.867);(0.028, 0.064, 0.000);0;Left;0;2800;Unkown
0;157;2,899703;1000;(0.004, 0.084, -54.790);(0.028, 0.064, 0.000);0;Left;0;2800;Unkown
0;158;2,892907;1000;(0.004, 0.084, -54.720);(0.027, 0.064, 0.000);0;Left;0;2800;Unkown
0;159;2,879488;1000;(0.004, 0.084, -54.622);(0.027, 0.064, 0.000);0;Left;0;2800;Unkown
0;160;2,872862;1000;(0.004, 0.084, -54.543);(0.027, 0.064, 0.000);0;Left;0;2800;Unkown
0;161;2,866291;1000;(0.005, 0.084, -54.473);(0.027, 0.064, 0.000);0;Left;0;2800;Unkown
0;162;2,853306;1000;(0.005, 0.084, -54.409);(0.027, 0.064, 0.000);0;Left;0;2800;Unkown
0;163;2,84689;1000;(0.005, 0.084, -54.343);(0.026, 0.064, 0.000);0;Left;0;2800;Unkown
0;164;2,840524;1000;(0.005, 0.084, -54.282);(0.026, 0.064, 0.000);0;Left;0;2800;Unkown
0;165;2,834208;1000;(0.005, 0.084, -54.215);(0.026, 0.064, 0.000);0;Left;0;2800;Unkown
0;166;2,827939;1000;(0.005, 0.084, -54.150);(0.026, 0.064, 0.000);0;Left;0;2800;Unkown
0;167;2,821717;1000;(0.005, 0.084, -54.079);(0.025, 0.064, 0.000);0;Left;0;2800;Unkown
0;168;2,80941;1000;(0.005, 0.084, -54.002);(0.025, 0.064, 0.000);0;Left;0;2800;Unkown
0;169;2,803323;1000;(0.005, 0.084, -53.943);(0.025, 0.064, 0.000);0;Left;0;2800;Unkown
0;170;2,797279;1000;(0.005, 0.084, -53.879);(0.025, 0.064, 0.000);0;Left;0;2800;Unkown
0;171;2,791278;1000;(0.005, 0.084, -53.818);(0.024, 0.064, 0.000);0;Left;0;2800;Unkown
0;172;2,785319;1000;(0.005, 0.084, -53.753);(0.024, 0.064, 0.000);0;Left;0;2800;Unkown
0;173;2,779401;1000;(0.005, 0.084, -53.695);(0.024, 0.064, 0.000);0;Left;0;2800;Unkown
0;174;2,773522;1000;(0.005, 0.084, -53.638);(0.024, 0.064, 0.000);0;Left;0;2800;Unkown
0;175;2,761883;1000;(0.006, 0.084, -53.566);(0.024, 0.064, 0.000);0;Left;0;2800;Unkown
0;176;2,75612;1000;(0.006, 0.084, -53.480);(0.023, 0.064, 0.000);0;Left;0;2800;Unkown
0;177;2,750394;1000;(0.006, 0.084, -53.422);(0.023, 0.064, 0.000);0;Left;0;2800;Unkown
0;178;2,744705;1000;(0.006, 0.084, -53.362);(0.023, 0.064, 0.000);0;Left;0;2800;Unkown
0;179;2,739052;1000;(0.006, 0.084, -53.295);(0.023, 0.064, 0.000);0;Left;0;2800;Unkown
0;180;2,727849;1000;(0.006, 0.084, -53.232);(0.023, 0.064, 0.000);0;Left;0;2800;Unkown
0;181;2,7223;1000;(0.006, 0.084, -53.157);(0.022, 0.064, 0.000);0;Left;0;2800;Unkown
0;182;2,716783;1000;(0.006, 0.084, -53.091);(0.022, 0.064, 0.000);0;Left;0;2800;Unkown
0;183;2,705848;1000;(0.006, 0.084, -53.014);(0.022, 0.064, 0.000);0;Left;0;2800;Unkown
0;184;2,700427;1000;(0.006, 0.084, -52.936);(0.022, 0.064, 0.000);0;Left;0;2800;Unkown
0;185;2,695038;1000;(0.006, 0.084, -52.873);(0.022, 0.064, 0.000);0;Left;0;2800;Unkown
0;186;2,68435;1000;(0.006, 0.084, -52.798);(0.021, 0.064, 0.000);0;Left;0;2800;Unkown
0;187;2,679051;1000;(0.006, 0.084, -52.732);(0.021, 0.064, 0.000);0;Left;0;2800;Unkown
0;188;2,67378;1000;(0.007, 0.084, -52.669);(0.021, 0.064, 0.000);0;Left;0;2800;Unkown
0;189;2,668538;1000;(0.007, 0.084, -52.604);(0.021, 0.064, 0.000);0;Left;0;2800;Unkown
0;190;2,658137;1000;(0.007, 0.084, -52.532);(0.021, 0.064, 0.000);0;Left;0;2800;Unkown
0;191;2,652978;1000;(0.007, 0.084, -52.463);(0.021, 0.064, 0.000);0;Left;0;2800;Unkown
0;192;2,647845;1000;(0.007, 0.084, -52.389);(0.021, 0.064, 0.000);0;Left;0;2800;Unkown
0;193;2,637656;1000;(0.007, 0.084, -52.319);(0.020, 0.064, 0.000);0;Left;0;2800;Unkown
0;194;2,632601;1000;(0.007, 0.084, -52.252);(0.020, 0.064, 0.000);0;Left;0;2800;Unkown
0;195;2,627569;1000;(0.007, 0.084, -52.196);(0.020, 0.064, 0.000);0;Left;0;2800;Unkown
0;196;2,622563;1000;(0.007, 0.084, -52.138);(0.020, 0.064, 0.000);0;Left;0;2800;Unkown
0;197;2,61758;1000;(0.007, 0.084, -52.077);(0.020, 0.064, 0.000);0;Left;0;2800;Unkown
0;198;2,612622;1000;(0.007, 0.084, -52.014);(0.020, 0.064, 0.000);0;Left;0;2800;Unkown
0;199;2,602773;1000;(0.007, 0.084, -51.946);(0.020, 0.064, 0.000);0;Left;0;2800;Unkown
0;200;2,597883;1000;(0.007, 0.084, -51.879);(0.020, 0.064, 0.000);0;Left;0;2800;Unkown
0;201;2,593016;1000;(0.008, 0.084, -51.812);(0.019, 0.064, 0.000);0;Left;0;2800;Unkown
0;202;2,58817;1000;(0.008, 0.084, -51.751);(0.019, 0.064, 0.000);0;Left;0;2800;Unkown
0;203;2,578543;1000;(0.008, 0.084, -51.686);(0.019, 0.064, 0.000);0;Left;0;2800;Unkown
0;204;2,573761;1000;(0.008, 0.084, -51.627);(0.019, 0.064, 0.000);0;Left;0;2800;Unkown
0;205;2,568999;1000;(0.008, 0.084, -51.566);(0.019, 0.064, 0.000);0;Left;0;2800;Unkown
0;206;2,564258;1000;(0.008, 0.084, -51.505);(0.019, 0.064, 0.000);0;Left;0;2800;Unkown
0;207;2,554835;1000;(0.008, 0.084, -51.439);(0.019, 0.064, 0.000);0;Left;0;2800;Unkown
0;208;2,550152;1000;(0.008, 0.084, -51.374);(0.019, 0.064, 0.000);0;Left;0;2800;Unkown
0;209;2,545489;1000;(0.008, 0.084, -51.319);(0.019, 0.064, 0.000);0;Left;0;2800;Unkown
0;210;2,540844;1000;(0.008, 0.084, -51.262);(0.019, 0.064, 0.000);0;Left;0;2800;Unkown
0;211;2,536218;1000;(0.008, 0.084, -51.198);(0.018, 0.064, 0.000);0;Left;0;2800;Unkown
0;212;2,53161;1000;(0.008, 0.084, -51.142);(0.018, 0.064, 0.000);0;Left;0;2800;Unkown
0;213;2,522448;1000;(0.008, 0.084, -51.075);(0.018, 0.064, 0.000);0;Left;0;2800;Unkown
0;214;2,517893;1000;(0.008, 0.084, -51.011);(0.018, 0.064, 0.000);0;Left;0;2800;Unkown
0;215;2,513355;1000;(0.008, 0.084, -50.945);(0.018, 0.064, 0.000);0;Left;0;2800;Unkown
0;216;2,50433;1000;(0.009, 0.084, -50.874);(0.018, 0.064, 0.000);0;Left;0;2800;Unkown
0;217;2,499842;1000;(0.009, 0.084, -50.817);(0.018, 0.064, 0.000);0;Left;0;2800;Unkown
0;218;2,49537;1000;(0.009, 0.084, -50.766);(0.018, 0.064, 0.000);0;Left;0;2800;Unkown
0;219;2,490915;1000;(0.009, 0.084, -50.706);(0.018, 0.064, 0.000);0;Left;0;2800;Unkown
0;220;2,486475;1000;(0.009, 0.084, -50.646);(0.018, 0.064, 0.000);0;Left;0;2800;Unkown
0;221;2,48205;1000;(0.009, 0.084, -50.591);(0.018, 0.064, 0.000);0;Left;0;2800;Unkown
0;222;2,477641;1000;(0.009, 0.084, -50.538);(0.018, 0.064, 0.000);0;Left;0;2800;Unkown
0;223;2,468867;1000;(0.009, 0.084, -50.479);(0.017, 0.064, 0.000);0;Left;0;2800;Unkown
0;224;2,464502;1000;(0.009, 0.084, -50.420);(0.017, 0.064, 0.000);0;Left;0;2800;Unkown
0;225;2,460151;1000;(0.009, 0.084, -50.362);(0.017, 0.064, 0.000);0;Left;0;2800;Unkown
0;226;2,455815;1000;(0.009, 0.084, -50.303);(0.017, 0.064, 0.000);0;Left;0;2800;Unkown
0;227;2,451493;1000;(0.009, 0.084, -50.242);(0.017, 0.064, 0.000);0;Left;0;2800;Unkown
0;228;2,442889;1000;(0.009, 0.084, -50.186);(0.017, 0.064, 0.000);0;Left;0;2800;Unkown
0;229;2,438608;1000;(0.009, 0.084, -50.130);(0.017, 0.064, 0.000);0;Left;0;2800;Unkown
0;230;2,434339;1000;(0.009, 0.084, -50.077);(0.017, 0.064, 0.000);0;Left;0;2800;Unkown
0;231;2,430084;1000;(0.010, 0.084, -50.012);(0.017, 0.064, 0.000);0;Left;0;2800;Unkown
0;232;2,425842;1000;(0.010, 0.084, -49.950);(0.017, 0.064, 0.000);0;Left;0;2800;Unkown
0;233;2,417394;1000;(0.010, 0.084, -49.899);(0.017, 0.064, 0.000);0;Left;0;2800;Unkown
0;234;2,413189;1000;(0.010, 0.084, -49.848);(0.017, 0.064, 0.000);0;Left;0;2800;Unkown
0;235;2,408997;1000;(0.010, 0.084, -49.791);(0.017, 0.064, 0.000);0;Left;0;2800;Unkown
0;236;2,404816;1000;(0.010, 0.084, -49.735);(0.017, 0.064, 0.000);0;Left;0;2800;Unkown
0;237;2,400647;1000;(0.010, 0.084, -49.685);(0.017, 0.064, 0.000);0;Left;0;2800;Unkown
0;238;2,396489;1000;(0.010, 0.084, -49.631);(0.017, 0.064, 0.000);0;Left;0;2800;Unkown
0;239;2,392343;1000;(0.010, 0.084, -49.578);(0.016, 0.064, 0.000);0;Left;0;2800;Unkown
0;240;2,388209;1000;(0.010, 0.084, -49.521);(0.016, 0.064, 0.000);0;Left;0;2800;Unkown
0;241;2,384085;1000;(0.010, 0.084, -49.470);(0.016, 0.064, 0.000);0;Left;0;2800;Unkown
0;242;2,375871;1000;(0.010, 0.084, -49.417);(0.016, 0.064, 0.000);0;Left;0;2800;Unkown
0;243;2,37178;1000;(0.010, 0.084, -49.363);(0.016, 0.064, 0.000);0;Left;0;2800;Unkown
0;244;2,3677;1000;(0.010, 0.084, -49.311);(0.016, 0.064, 0.000);0;Left;0;2800;Unkown
0;245;2,36363;1000;(0.010, 0.084, -49.260);(0.016, 0.064, 0.000);0;Left;0;2800;Unkown
0;246;2,359571;1000;(0.010, 0.084, -49.207);(0.016, 0.064, 0.000);0;Left;0;2800;Unkown
0;247;2,355521;1000;(0.010, 0.084, -49.147);(0.016, 0.064, 0.000);0;Left;0;2800;Unkown
0;248;2,347452;1000;(0.011, 0.084, -49.081);(0.016, 0.064, 0.000);0;Left;0;2800;Unkown
0;249;2,343432;1000;(0.011, 0.084, -49.031);(0.016, 0.064, 0.000);0;Left;0;2800;Unkown
0;250;2,339422;1000;(0.011, 0.084, -48.980);(0.016, 0.064, 0.000);0;Left;0;2800;Unkown
0;251;2,335421;1000;(0.011, 0.084, -48.926);(0.016, 0.064, 0.000);0;Left;0;2800;Unkown
0;252;2,33143;1000;(0.011, 0.084, -48.871);(0.016, 0.064, 0.000);0;Left;0;2800;Unkown
0;253;2,327447;1000;(0.011, 0.084, -48.818);(0.016, 0.064, 0.000);0;Left;0;2800;Unkown
0;254;2,323474;1000;(0.011, 0.084, -48.766);(0.016, 0.064, 0.000);0;Left;0;2800;Unkown
0;255;2,315555;1000;(0.011, 0.084, -48.710);(0.016, 0.064, 0.000);0;Left;0;2800;Unkown
0;256;2,311608;1000;(0.011, 0.084, -48.653);(0.016, 0.064, 0.000);0;Left;0;2800;Unkown
0;257;2,30767;1000;(0.011, 0.084, -48.608);(0.016, 0.064, 0.000);0;Left;0;2800;Unkown
0;258;2,30374;1000;(0.011, 0.084, -48.558);(0.016, 0.064, 0.000);0;Left;0;2800;Unkown
0;259;2,299819;1000;(0.011, 0.084, -48.508);(0.016, 0.064, 0.000);0;Left;0;2800;Unkown
0;260;2,295906;1000;(0.011, 0.084, -48.458);(0.015, 0.064, 0.000);0;Left;0;2800;Unkown
0;261;2,292001;1000;(0.011, 0.084, -48.407);(0.015, 0.064, 0.000);0;Left;0;2800;Unkown
0;262;2,288105;1000;(0.011, 0.084, -48.359);(0.015, 0.064, 0.000);0;Left;0;2800;Unkown
0;263;2,280335;1000;(0.011, 0.084, -48.298);(0.015, 0.064, 0.000);0;Left;0;2800;Unkown
0;264;2,276461;1000;(0.011, 0.084, -48.247);(0.015, 0.064, 0.000);0;Left;0;2800;Unkown
0;265;2,272596;1000;(0.012, 0.084, -48.198);(0.015, 0.064, 0.000);0;Left;0;2800;Unkown
0;266;2,268737;1000;(0.012, 0.084, -48.151);(0.015, 0.064, 0.000);0;Left;0;2800;Unkown
0;267;2,264886;1000;(0.012, 0.084, -48.100);(0.015, 0.064, 0.000);0;Left;0;2800;Unkown
0;268;2,261043;1000;(0.012, 0.084, -48.044);(0.015, 0.064, 0.000);0;Left;0;2800;Unkown
0;269;2,257206;1000;(0.012, 0.084, -47.995);(0.015, 0.064, 0.000);0;Left;0;2800;Unkown
0;270;2,253377;1000;(0.012, 0.084, -47.942);(0.015, 0.064, 0.000);0;Left;0;2800;Unkown
0;271;2,245736;1000;(0.012, 0.084, -47.886);(0.015, 0.064, 0.000);0;Left;0;2800;Unkown
0;272;2,241925;1000;(0.012, 0.084, -47.834);(0.015, 0.064, 0.000);0;Left;0;2800;Unkown
0;273;2,23812;1000;(0.012, 0.084, -47.787);(0.015, 0.064, 0.000);0;Left;0;2800;Unkown
0;274;2,234321;1000;(0.012, 0.084, -47.735);(0.015, 0.064, 0.000);0;Left;0;2800;Unkown
0;275;2,230529;1000;(0.012, 0.084, -47.689);(0.015, 0.064, 0.000);0;Left;0;2800;Unkown
0;276;2,226742;1000;(0.012, 0.084, -47.641);(0.015, 0.064, 0.000);0;Left;0;2800;Unkown
0;277;2,222962;1000;(0.012, 0.084, -47.593);(0.015, 0.064, 0.000);0;Left;0;2800;Unkown
0;278;2,219188;1000;(0.012, 0.084, -47.542);(0.015, 0.064, 0.000);0;Left;0;2800;Unkown
0;279;2,211659;1000;(0.012, 0.084, -47.485);(0.015, 0.064, 0.000);0;Left;0;2800;Unkown
0;280;2,207904;1000;(0.012, 0.084, -47.422);(0.015, 0.064, 0.000);0;Left;0;2800;Unkown
0;281;2,204154;1000;(0.012, 0.084, -47.377);(0.015, 0.064, 0.000);0;Left;0;2800;Unkown
0;282;2,200411;1000;(0.013, 0.084, -47.327);(0.015, 0.064, 0.000);0;Left;0;2800;Unkown
0;283;2,196674;1000;(0.013, 0.084, -47.274);(0.015, 0.064, 0.000);0;Left;0;2800;Unkown
0;284;2,189218;1000;(0.013, 0.084, -47.224);(0.015, 0.064, 0.000);0;Left;0;2800;Unkown
0;285;2,185499;1000;(0.013, 0.084, -47.176);(0.015, 0.064, 0.000);0;Left;0;2800;Unkown
0;286;2,181787;1000;(0.013, 0.084, -47.132);(0.015, 0.064, 0.000);0;Left;0;2800;Unkown
0;287;2,17808;1000;(0.013, 0.084, -47.081);(0.015, 0.064, 0.000);0;Left;0;2800;Unkown
0;288;2,17438;1000;(0.013, 0.084, -47.031);(0.015, 0.064, 0.000);0;Left;0;2800;Unkown
0;289;2,170685;1000;(0.013, 0.084, -46.986);(0.015, 0.064, 0.000);0;Left;0;2800;Unkown
0;290;2,166996;1000;(0.013, 0.084, -46.943);(0.015, 0.064, 0.000);0;Left;0;2800;Unkown
0;291;2,163314;1000;(0.013, 0.084, -46.893);(0.015, 0.064, 0.000);0;Left;0;2800;Unkown
0;292;2,159637;1000;(0.013, 0.084, -46.848);(0.015, 0.064, 0.000);0;Left;0;2800;Unkown
0;293;2,155967;1000;(0.013, 0.084, -46.805);(0.015, 0.064, 0.000);0;Left;0;2800;Unkown
0;294;2,152303;1000;(0.013, 0.084, -46.758);(0.014, 0.064, 0.000);0;Left;0;2800;Unkown
0;295;2,144991;1000;(0.013, 0.084, -46.708);(0.014, 0.064, 0.000);0;Left;0;2800;Unkown
0;296;2,141345;1000;(0.013, 0.084, -46.652);(0.014, 0.064, 0.000);0;Left;0;2800;Unkown
0;297;2,137704;1000;(0.013, 0.084, -46.610);(0.014, 0.064, 0.000);0;Left;0;2800;Unkown
0;298;2,134069;1000;(0.013, 0.084, -46.568);(0.014, 0.064, 0.000);0;Left;0;2800;Unkown
0;299;2,130441;1000;(0.013, 0.084, -46.524);(0.014, 0.064, 0.000);0;Left;0;2800;Unkown
0;300;2,126818;1000;(0.013, 0.084, -46.480);(0.014, 0.064, 0.000);0;Left;0;2800;Unkown
0;301;2,123201;1000;(0.013, 0.084, -46.436);(0.014, 0.064, 0.000);0;Left;0;2800;Unkown
0;302;2,11959;1000;(0.014, 0.084, -46.390);(0.014, 0.064, 0.000);0;Left;0;2800;Unkown
0;303;2,115984;1000;(0.014, 0.084, -46.343);(0.014, 0.064, 0.000);0;Left;0;2800;Unkown
0;304;2,112385;1000;(0.014, 0.084, -46.293);(0.014, 0.064, 0.000);0;Left;0;2800;Unkown
0;305;2,108792;1000;(0.014, 0.084, -46.250);(0.014, 0.064, 0.000);0;Left;0;2800;Unkown
0;306;2,105204;1000;(0.014, 0.084, -46.212);(0.014, 0.064, 0.000);0;Left;0;2800;Unkown
0;307;2,101622;1000;(0.014, 0.084, -46.168);(0.014, 0.064, 0.000);0;Left;0;2800;Unkown
0;308;2,098047;1000;(0.014, 0.084, -46.121);(0.014, 0.064, 0.000);0;Left;0;2800;Unkown
0;309;2,094476;1000;(0.014, 0.084, -46.077);(0.014, 0.064, 0.000);0;Left;0;2800;Unkown
0;310;2,090912;1000;(0.014, 0.084, -46.031);(0.014, 0.064, 0.000);0;Left;0;2800;Unkown
0;311;2,083801;1000;(0.014, 0.084, -45.980);(0.014, 0.064, 0.000);0;Left;0;2800;Unkown
0;312;2,080254;1000;(0.014, 0.084, -45.934);(0.014, 0.064, 0.000);0;Left;0;2800;Unkown
0;313;2,076713;1000;(0.014, 0.084, -45.891);(0.014, 0.064, 0.000);0;Left;0;2800;Unkown
0;314;2,073178;1000;(0.014, 0.084, -45.849);(0.014, 0.064, 0.000);0;Left;0;2800;Unkown
0;315;2,069649;1000;(0.014, 0.084, -45.803);(0.014, 0.064, 0.000);0;Left;0;2800;Unkown
0;316;2,066125;1000;(0.014, 0.084, -45.757);(0.014, 0.064, 0.000);0;Left;0;2800;Unkown
0;317;2,062607;1000;(0.014, 0.084, -45.714);(0.014, 0.064, 0.000);0;Left;0;2800;Unkown
0;318;2,059095;1000;(0.014, 0.084, -45.665);(0.014, 0.064, 0.000);0;Left;0;2800;Unkown
0;319;2,052088;1000;(0.014, 0.084, -45.613);(0.014, 0.064, 0.000);0;Left;0;2800;Unkown
0;320;2,048593;1000;(0.014, 0.084, -45.562);(0.014, 0.064, 0.000);0;Left;0;2800;Unkown
0;321;2,045103;1000;(0.015, 0.084, -45.522);(0.014, 0.064, 0.000);0;Left;0;2800;Unkown
0;322;2,041621;1000;(0.015, 0.084, -45.479);(0.014, 0.064, 0.000);0;Left;0;2800;Unkown
0;323;2,038145;1000;(0.015, 0.084, -45.436);(0.014, 0.064, 0.000);0;Left;0;2800;Unkown
0;324;2,034675;1000;(0.015, 0.084, -45.385);(0.014, 0.064, 0.000);0;Left;0;2800;Unkown
0;325;2,031212;1000;(0.015, 0.084, -45.338);(0.014, 0.064, 0.000);0;Left;0;2800;Unkown
0;326;2,027756;1000;(0.015, 0.084, -45.291);(0.014, 0.064, 0.000);0;Left;0;2800;Unkown
0;327;2,020862;1000;(0.015, 0.084, -45.244);(0.014, 0.064, 0.000);0;Left;0;2800;Unkown
0;328;2,017426;1000;(0.015, 0.084, -45.197);(0.014, 0.064, 0.000);0;Left;0;2800;Unkown
0;329;2,013995;1000;(0.015, 0.084, -45.153);(0.014, 0.064, 0.000);0;Left;0;2800;Unkown
0;330;2,010571;1000;(0.015, 0.084, -45.112);(0.014, 0.064, 0.000);0;Left;0;2800;Unkown
0;331;2,007154;1000;(0.015, 0.084, -45.068);(0.014, 0.064, 0.000);0;Left;0;2800;Unkown
0;332;2,003743;1000;(0.015, 0.084, -45.022);(0.013, 0.064, 0.000);0;Left;0;2800;Unkown
0;333;2,000338;1000;(0.015, 0.084, -44.974);(0.013, 0.064, 0.000);0;Left;0;2800;Unkown
0;334;1,993548;1000;(0.015, 0.084, -44.923);(0.013, 0.064, 0.000);0;Left;0;2800;Unkown
0;335;1,990163;1000;(0.015, 0.084, -44.873);(0.013, 0.064, 0.000);0;Left;0;2800;Unkown
0;336;1,986784;1000;(0.015, 0.084, -44.823);(0.013, 0.064, 0.000);0;Left;0;2800;Unkown
0;337;1,983411;1000;(0.015, 0.084, -44.781);(0.013, 0.064, 0.000);0;Left;0;2800;Unkown
0;338;1,980045;1000;(0.015, 0.084, -44.740);(0.013, 0.064, 0.000);0;Left;0;2800;Unkown
0;339;1,976685;1000;(0.015, 0.084, -44.696);(0.013, 0.064, 0.000);0;Left;0;2800;Unkown
0;340;1,973331;1000;(0.015, 0.084, -44.652);(0.013, 0.064, 0.000);0;Left;0;2800;Unkown
0;341;1,966643;1000;(0.016, 0.084, -44.608);(0.013, 0.064, 0.000);0;Left;0;2800;Unkown
0;342;1,963308;1000;(0.016, 0.084, -44.560);(0.013, 0.064, 0.000);0;Left;0;2800;Unkown
0;343;1,95998;1000;(0.016, 0.084, -44.515);(0.013, 0.064, 0.000);0;Left;0;2800;Unkown
0;344;1,956658;1000;(0.016, 0.084, -44.466);(0.013, 0.064, 0.000);0;Left;0;2800;Unkown
0;345;1,953342;1000;(0.016, 0.084, -44.425);(0.013, 0.064, 0.000);0;Left;0;2800;Unkown
0;346;1,950033;1000;(0.016, 0.084, -44.382);(0.013, 0.064, 0.000);0;Left;0;2800;Unkown
0;347;1,946729;1000;(0.016, 0.084, -44.342);(0.013, 0.064, 0.000);0;Left;0;2800;Unkown
0;348;1,943432;1000;(0.016, 0.084, -44.300);(0.013, 0.064, 0.000);0;Left;0;2800;Unkown
0;349;1,936857;1000;(0.016, 0.084, -44.260);(0.013, 0.064, 0.000);0;Left;0;2800;Unkown
0;350;1,933578;1000;(0.016, 0.084, -44.217);(0.013, 0.064, 0.000);0;Left;0;2800;Unkown
0;351;1,930306;1000;(0.016, 0.084, -44.166);(0.013, 0.064, 0.000);0;Left;0;2800;Unkown
0;352;1,92704;1000;(0.016, 0.084, -44.115);(0.013, 0.064, 0.000);0;Left;0;2800;Unkown
0;353;1,92378;1000;(0.016, 0.084, -44.076);(0.013, 0.064, 0.000);0;Left;0;2800;Unkown
0;354;1,920526;1000;(0.016, 0.084, -44.031);(0.013, 0.064, 0.000);0;Left;0;2800;Unkown
0;355;1,917278;1000;(0.016, 0.084, -43.990);(0.013, 0.064, 0.000);0;Left;0;2800;Unkown
0;356;1,910801;1000;(0.016, 0.084, -43.950);(0.013, 0.064, 0.000);0;Left;0;2800;Unkown
0;357;1,907572;1000;(0.016, 0.084, -43.907);(0.013, 0.064, 0.000);0;Left;0;2800;Unkown
0;358;1,904348;1000;(0.016, 0.084, -43.865);(0.013, 0.064, 0.000);0;Left;0;2800;Unkown
0;359;1,901131;1000;(0.016, 0.084, -43.822);(0.013, 0.064, 0.000);0;Left;0;2800;Unkown
0;360;1,89792;1000;(0.016, 0.084, -43.776);(0.013, 0.064, 0.000);0;Left;0;2800;Unkown
0;361;1,894715;1000;(0.016, 0.084, -43.737);(0.013, 0.064, 0.000);0;Left;0;2800;Unkown
0;362;1,891516;1000;(0.017, 0.084, -43.697);(0.013, 0.064, 0.000);0;Left;0;2800;Unkown
0;363;1,888323;1000;(0.017, 0.084, -43.656);(0.013, 0.064, 0.000);0;Left;0;2800;Unkown
0;364;1,881955;1000;(0.017, 0.084, -43.610);(0.013, 0.064, 0.000);0;Left;0;2800;Unkown
0;365;1,87878;1000;(0.017, 0.084, -43.566);(0.013, 0.064, 0.000);0;Left;0;2800;Unkown
0;366;1,875611;1000;(0.017, 0.084, -43.523);(0.013, 0.064, 0.000);0;Left;0;2800;Unkown
0;367;1,872448;1000;(0.017, 0.084, -43.476);(0.012, 0.064, 0.000);0;Left;0;2800;Unkown
0;368;1,869291;1000;(0.017, 0.084, -43.429);(0.012, 0.064, 0.000);0;Left;0;2800;Unkown
0;369;1,862994;1000;(0.017, 0.084, -43.384);(0.012, 0.064, 0.000);0;Left;0;2800;Unkown
0;370;1,859855;1000;(0.017, 0.084, -43.345);(0.012, 0.064, 0.000);0;Left;0;2800;Unkown
0;371;1,856722;1000;(0.017, 0.084, -43.304);(0.012, 0.064, 0.000);0;Left;0;2800;Unkown
0;372;1,853594;1000;(0.017, 0.084, -43.265);(0.012, 0.064, 0.000);0;Left;0;2800;Unkown
0;373;1,850473;1000;(0.017, 0.084, -43.222);(0.012, 0.064, 0.000);0;Left;0;2800;Unkown
0;374;1,847357;1000;(0.017, 0.084, -43.183);(0.012, 0.064, 0.000);0;Left;0;2800;Unkown
0;375;1,844247;1000;(0.017, 0.084, -43.139);(0.012, 0.064, 0.000);0;Left;0;2800;Unkown
0;376;1,841143;1000;(0.017, 0.084, -43.096);(0.012, 0.064, 0.000);0;Left;0;2800;Unkown
0;377;1,838045;1000;(0.017, 0.084, -43.058);(0.012, 0.064, 0.000);0;Left;0;2800;Unkown
0;378;1,834953;1000;(0.017, 0.084, -43.021);(0.012, 0.064, 0.000);0;Left;0;2800;Unkown
0;379;1,828785;1000;(0.017, 0.084, -42.978);(0.012, 0.064, 0.000);0;Left;0;2800;Unkown
0;380;1,825711;1000;(0.017, 0.084, -42.939);(0.012, 0.064, 0.000);0;Left;0;2800;Unkown
0;381;1,822641;1000;(0.017, 0.084, -42.892);(0.012, 0.064, 0.000);0;Left;0;2800;Unkown
0;382;1,819578;1000;(0.017, 0.084, -42.855);(0.012, 0.064, 0.000);0;Left;0;2800;Unkown
0;383;1,816521;1000;(0.018, 0.084, -42.811);(0.012, 0.064, 0.000);0;Left;0;2800;Unkown
0;384;1,813469;1000;(0.018, 0.084, -42.765);(0.012, 0.064, 0.000);0;Left;0;2800;Unkown
0;385;1,810423;1000;(0.018, 0.084, -42.727);(0.012, 0.064, 0.000);0;Left;0;2800;Unkown
0;386;1,804348;1000;(0.018, 0.084, -42.687);(0.012, 0.064, 0.000);0;Left;0;2800;Unkown
0;387;1,801319;1000;(0.018, 0.084, -42.644);(0.012, 0.064, 0.000);0;Left;0;2800;Unkown
0;388;1,798296;1000;(0.018, 0.084, -42.604);(0.012, 0.064, 0.000);0;Left;0;2800;Unkown
0;389;1,795279;1000;(0.018, 0.084, -42.560);(0.012, 0.064, 0.000);0;Left;0;2800;Unkown
0;390;1,792267;1000;(0.018, 0.084, -42.518);(0.012, 0.064, 0.000);0;Left;0;2800;Unkown
0;391;1,789261;1000;(0.018, 0.084, -42.473);(0.012, 0.064, 0.000);0;Left;0;2800;Unkown
0;392;1,783266;1000;(0.018, 0.084, -42.431);(0.012, 0.064, 0.000);0;Left;0;2800;Unkown
0;393;1,780276;1000;(0.018, 0.084, -42.390);(0.012, 0.064, 0.000);0;Left;0;2800;Unkown
0;394;1,777293;1000;(0.018, 0.084, -42.351);(0.012, 0.064, 0.000);0;Left;0;2800;Unkown
0;395;1,774315;1000;(0.018, 0.084, -42.309);(0.012, 0.064, 0.000);0;Left;0;2800;Unkown
0;396;1,771343;1000;(0.018, 0.084, -42.260);(0.012, 0.064, 0.000);0;Left;0;2800;Unkown
0;397;1,765415;1000;(0.018, 0.084, -42.211);(0.012, 0.064, 0.000);0;Left;0;2800;Unkown
0;398;1,75951;1000;(0.018, 0.084, -42.150);(0.012, 0.064, 0.000);0;Left;0;2800;Unkown
0;399;1,753626;1000;(0.018, 0.084, -42.077);(0.012, 0.064, 0.000);0;Left;0;2800;Unkown
0;400;1,750693;1000;(0.018, 0.084, -42.030);(0.012, 0.064, 0.000);0;Left;0;2800;Unkown
0;401;1,747765;1000;(0.018, 0.084, -41.993);(0.012, 0.064, 0.000);0;Left;0;2800;Unkown
0;402;1,744843;1000;(0.018, 0.084, -41.956);(0.012, 0.064, 0.000);0;Left;0;2800;Unkown
0;403;1,741926;1000;(0.019, 0.084, -41.911);(0.011, 0.064, 0.000);0;Left;0;2800;Unkown
0;404;1,736109;1000;(0.019, 0.084, -41.851);(0.011, 0.064, 0.000);0;Left;0;2800;Unkown
0;405;1,730314;1000;(0.019, 0.084, -41.801);(0.011, 0.064, 0.000);0;Left;0;2800;Unkown
0;406;1,727424;1000;(0.019, 0.084, -41.742);(0.011, 0.064, 0.000);0;Left;0;2800;Unkown
0;407;1,721662;1000;(0.019, 0.084, -41.682);(0.011, 0.064, 0.000);0;Left;0;2800;Unkown
0;408;1,718789;1000;(0.019, 0.084, -41.633);(0.011, 0.064, 0.000);0;Left;0;2800;Unkown
0;409;1,715921;1000;(0.019, 0.084, -41.600);(0.011, 0.064, 0.000);0;Left;0;2800;Unkown
0;410;1,713058;1000;(0.019, 0.084, -41.566);(0.011, 0.064, 0.000);0;Left;0;2800;Unkown
0;411;1,70735;1000;(0.019, 0.084, -41.519);(0.011, 0.064, 0.000);0;Left;0;2800;Unkown
0;412;1,704504;1000;(0.019, 0.084, -41.467);(0.011, 0.064, 0.000);0;Left;0;2800;Unkown
0;413;1,698827;1000;(0.019, 0.084, -41.423);(0.011, 0.064, 0.000);0;Left;0;2800;Unkown
0;414;1,695997;1000;(0.019, 0.084, -41.380);(0.011, 0.064, 0.000);0;Left;0;2800;Unkown
0;415;1,693172;1000;(0.019, 0.084, -41.329);(0.011, 0.064, 0.000);0;Left;0;2800;Unkown
0;416;1,687538;1000;(0.019, 0.084, -41.287);(0.011, 0.064, 0.000);0;Left;0;2800;Unkown
0;417;1,684729;1000;(0.019, 0.084, -41.256);(0.011, 0.064, 0.000);0;Left;0;2800;Unkown
0;418;1,684729;1000;(0.019, 0.084, -41.224);(0.011, 0.064, 0.000);0;Left;0;2800;Unkown
0;419;1,679127;1000;(0.019, 0.084, -41.187);(0.011, 0.064, 0.000);0;Left;0;2800;Unkown
0;420;1,676334;1000;(0.019, 0.084, -41.132);(0.011, 0.064, 0.000);0;Left;0;2800;Unkown
0;421;1,673546;1000;(0.019, 0.084, -41.099);(0.011, 0.064, 0.000);0;Left;0;2800;Unkown
0;422;1,670764;1000;(0.019, 0.084, -41.067);(0.011, 0.064, 0.000);0;Left;0;2800;Unkown
0;423;1,667986;1000;(0.020, 0.084, -41.025);(0.011, 0.064, 0.000);0;Left;0;2800;Unkown
0;424;1,662447;1000;(0.020, 0.084, -40.977);(0.011, 0.064, 0.000);0;Left;0;2800;Unkown
0;425;1,659685;1000;(0.020, 0.084, -40.944);(0.011, 0.064, 0.000);0;Left;0;2800;Unkown
0;426;1,656929;1000;(0.020, 0.084, -40.910);(0.011, 0.064, 0.000);0;Left;0;2800;Unkown
0;427;1,654177;1000;(0.020, 0.084, -40.876);(0.011, 0.064, 0.000);0;Left;0;2800;Unkown
0;428;1,651431;1000;(0.020, 0.084, -40.841);(0.011, 0.064, 0.000);0;Left;0;2800;Unkown
0;429;1,64869;1000;(0.020, 0.084, -40.809);(0.011, 0.064, 0.000);0;Left;0;2800;Unkown
0;430;1,645954;1000;(0.020, 0.084, -40.773);(0.011, 0.064, 0.000);0;Left;0;2800;Unkown
0;431;1,643224;1000;(0.020, 0.084, -40.738);(0.011, 0.064, 0.000);0;Left;0;2800;Unkown
0;432;1,640498;1000;(0.020, 0.084, -40.703);(0.011, 0.064, 0.000);0;Left;0;2800;Unkown
0;433;1,637777;1000;(0.020, 0.084, -40.669);(0.011, 0.064, 0.000);0;Left;0;2800;Unkown
0;434;1,635062;1000;(0.020, 0.084, -40.642);(0.011, 0.064, 0.000);0;Left;0;2800;Unkown
0;435;1,632352;1000;(0.020, 0.084, -40.604);(0.011, 0.064, 0.000);0;Left;0;2800;Unkown
0;436;1,629647;1000;(0.020, 0.084, -40.570);(0.011, 0.064, 0.000);0;Left;0;2800;Unkown
0;437;1,626946;1000;(0.020, 0.084, -40.536);(0.011, 0.064, 0.000);0;Left;0;2800;Unkown
0;438;1,624251;1000;(0.020, 0.084, -40.506);(0.011, 0.064, 0.000);0;Left;0;2800;Unkown
0;439;1,621562;1000;(0.020, 0.084, -40.469);(0.011, 0.064, 0.000);0;Left;0;2800;Unkown
0;440;1,618877;1000;(0.020, 0.084, -40.432);(0.011, 0.064, 0.000);0;Left;0;2800;Unkown
0;441;1,616197;1000;(0.020, 0.084, -40.402);(0.011, 0.064, 0.000);0;Left;0;2800;Unkown
0;442;1,613522;1000;(0.020, 0.084, -40.369);(0.010, 0.064, 0.000);0;Left;0;2800;Unkown
0;443;1,610852;1000;(0.020, 0.084, -40.338);(0.010, 0.064, 0.000);0;Left;0;2800;Unkown
0;444;1,605528;1000;(0.020, 0.084, -40.295);(0.010, 0.064, 0.000);0;Left;0;2800;Unkown
0;445;1,602873;1000;(0.020, 0.084, -40.262);(0.010, 0.064, 0.000);0;Left;0;2800;Unkown
0;446;1,600224;1000;(0.020, 0.084, -40.230);(0.010, 0.064, 0.000);0;Left;0;2800;Unkown
0;447;1,597579;1000;(0.020, 0.084, -40.188);(0.010, 0.064, 0.000);0;Left;0;2800;Unkown
0;448;1,594939;1000;(0.020, 0.084, -40.150);(0.010, 0.064, 0.000);0;Left;0;2800;Unkown
0;449;1,592304;1000;(0.021, 0.084, -40.122);(0.010, 0.064, 0.000);0;Left;0;2800;Unkown
0;450;1,589674;1000;(0.021, 0.084, -40.092);(0.010, 0.064, 0.000);0;Left;0;2800;Unkown
0;451;1,58705;1000;(0.021, 0.084, -40.060);(0.010, 0.064, 0.000);0;Left;0;2800;Unkown
0;452;1,58443;1000;(0.021, 0.084, -40.026);(0.010, 0.064, 0.000);0;Left;0;2800;Unkown
0;453;1,581815;1000;(0.021, 0.084, -39.994);(0.010, 0.064, 0.000);0;Left;0;2800;Unkown
0;454;1,579204;1000;(0.021, 0.084, -39.957);(0.010, 0.064, 0.000);0;Left;0;2800;Unkown
0;455;1,576599;1000;(0.021, 0.084, -39.924);(0.010, 0.064, 0.000);0;Left;0;2800;Unkown
0;456;1,573999;1000;(0.021, 0.084, -39.889);(0.010, 0.064, 0.000);0;Left;0;2800;Unkown
0;457;1,571404;1000;(0.021, 0.084, -39.859);(0.010, 0.064, 0.000);0;Left;0;2800;Unkown
0;458;1,566227;1000;(0.021, 0.084, -39.824);(0.010, 0.064, 0.000);0;Left;0;2800;Unkown
0;459;1,563647;1000;(0.021, 0.084, -39.787);(0.010, 0.064, 0.000);0;Left;0;2800;Unkown
0;460;1,561071;1000;(0.021, 0.084, -39.747);(0.010, 0.064, 0.000);0;Left;0;2800;Unkown
0;461;1,558499;1000;(0.021, 0.084, -39.713);(0.010, 0.064, 0.000);0;Left;0;2800;Unkown
0;462;1,553372;1000;(0.021, 0.084, -39.659);(0.010, 0.064, 0.000);0;Left;0;2800;Unkown
0;463;1,550815;1000;(0.021, 0.084, -39.614);(0.010, 0.064, 0.000);0;Left;0;2800;Unkown
0;464;1,545716;1000;(0.021, 0.084, -39.561);(0.010, 0.064, 0.000);0;Left;0;2800;Unkown
0;465;1,543174;1000;(0.021, 0.084, -39.528);(0.010, 0.064, 0.000);0;Left;0;2800;Unkown
0;466;1,540636;1000;(0.021, 0.084, -39.493);(0.010, 0.064, 0.000);0;Left;0;2800;Unkown
0;467;1,538104;1000;(0.021, 0.084, -39.455);(0.010, 0.064, 0.000);0;Left;0;2800;Unkown
0;468;1,533052;1000;(0.021, 0.084, -39.420);(0.010, 0.064, 0.000);0;Left;0;2800;Unkown
0;469;1,530534;1000;(0.021, 0.084, -39.383);(0.010, 0.064, 0.000);0;Left;0;2800;Unkown
0;470;1,52802;1000;(0.021, 0.084, -39.346);(0.010, 0.064, 0.000);0;Left;0;2800;Unkown
0;471;1,525511;1000;(0.021, 0.084, -39.309);(0.010, 0.064, 0.000);0;Left;0;2800;Unkown
0;472;1,523007;1000;(0.021, 0.084, -39.271);(0.010, 0.064, 0.000);0;Left;0;2800;Unkown
0;473;1,518012;1000;(0.021, 0.084, -39.238);(0.010, 0.064, 0.000);0;Left;0;2800;Unkown
0;474;1,515522;1000;(0.022, 0.084, -39.203);(0.010, 0.064, 0.000);0;Left;0;2800;Unkown
0;475;1,513037;1000;(0.022, 0.084, -39.171);(0.010, 0.064, 0.000);0;Left;0;2800;Unkown
0;476;1,510556;1000;(0.022, 0.084, -39.137);(0.010, 0.064, 0.000);0;Left;0;2800;Unkown
0;477;1,50808;1000;(0.022, 0.084, -39.103);(0.010, 0.064, 0.000);0;Left;0;2800;Unkown
0;478;1,505608;1000;(0.022, 0.084, -39.070);(0.010, 0.064, 0.000);0;Left;0;2800;Unkown
0;479;1,503141;1000;(0.022, 0.084, -39.029);(0.010, 0.064, 0.000);0;Left;0;2800;Unkown
0;480;1,498221;1000;(0.022, 0.084, -38.994);(0.010, 0.064, 0.000);0;Left;0;2800;Unkown
0;481;1,495768;1000;(0.022, 0.084, -38.964);(0.010, 0.064, 0.000);0;Left;0;2800;Unkown
0;482;1,49332;1000;(0.022, 0.084, -38.933);(0.010, 0.064, 0.000);0;Left;0;2800;Unkown
0;483;1,490876;1000;(0.022, 0.084, -38.899);(0.010, 0.064, 0.000);0;Left;0;2800;Unkown
0;484;1,488437;1000;(0.022, 0.084, -38.866);(0.010, 0.064, 0.000);0;Left;0;2800;Unkown
0;485;1,486002;1000;(0.022, 0.084, -38.832);(0.010, 0.064, 0.000);0;Left;0;2800;Unkown
0;486;1,483572;1000;(0.022, 0.084, -38.798);(0.010, 0.064, 0.000);0;Left;0;2800;Unkown
0;487;1,481146;1000;(0.022, 0.084, -38.760);(0.009, 0.064, 0.000);0;Left;0;2800;Unkown
0;488;1,476309;1000;(0.022, 0.084, -38.723);(0.009, 0.064, 0.000);0;Left;0;2800;Unkown
0;489;1,473897;1000;(0.022, 0.084, -38.691);(0.009, 0.064, 0.000);0;Left;0;2800;Unkown
0;490;1,47149;1000;(0.022, 0.084, -38.657);(0.009, 0.064, 0.000);0;Left;0;2800;Unkown
0;491;1,469087;1000;(0.022, 0.084, -38.624);(0.009, 0.064, 0.000);0;Left;0;2800;Unkown
0;492;1,466689;1000;(0.022, 0.084, -38.588);(0.009, 0.064, 0.000);0;Left;0;2800;Unkown
0;493;1,464295;1000;(0.022, 0.084, -38.554);(0.009, 0.064, 0.000);0;Left;0;2800;Unkown
0;494;1,459521;1000;(0.022, 0.084, -38.523);(0.009, 0.064, 0.000);0;Left;0;2800;Unkown
0;495;1,457141;1000;(0.022, 0.084, -38.478);(0.009, 0.064, 0.000);0;Left;0;2800;Unkown
0;496;1,452393;1000;(0.022, 0.084, -38.436);(0.009, 0.064, 0.000);0;Left;0;2800;Unkown
0;497;1,450026;1000;(0.022, 0.084, -38.403);(0.009, 0.064, 0.000);0;Left;0;2800;Unkown
0;498;1,447664;1000;(0.022, 0.084, -38.372);(0.009, 0.064, 0.000);0;Left;0;2800;Unkown
0;499;1,445306;1000;(0.022, 0.084, -38.336);(0.009, 0.064, 0.000);0;Left;0;2800;Unkown
0;500;1,442952;1000;(0.023, 0.084, -38.300);(0.009, 0.064, 0.000);0;Left;0;2800;Unkown
0;501;1,440603;1000;(0.023, 0.084, -38.268);(0.009, 0.064, 0.000);0;Left;0;2800;Unkown
0;502;1,435918;1000;(0.023, 0.084, -38.233);(0.009, 0.064, 0.000);0;Left;0;2800;Unkown
0;503;1,433582;1000;(0.023, 0.084, -38.195);(0.009, 0.064, 0.000);0;Left;0;2800;Unkown
0;504;1,43125;1000;(0.023, 0.084, -38.157);(0.009, 0.064, 0.000);0;Left;0;2800;Unkown
0;505;1,4266;1000;(0.023, 0.084, -38.117);(0.009, 0.064, 0.000);0;Left;0;2800;Unkown
0;506;1,424281;1000;(0.023, 0.084, -38.085);(0.009, 0.064, 0.000);0;Left;0;2800;Unkown
0;507;1,421967;1000;(0.023, 0.084, -38.047);(0.009, 0.064, 0.000);0;Left;0;2800;Unkown
0;508;1,419657;1000;(0.023, 0.084, -38.015);(0.009, 0.064, 0.000);0;Left;0;2800;Unkown
0;509;1,415051;1000;(0.023, 0.084, -37.978);(0.009, 0.064, 0.000);0;Left;0;2800;Unkown
0;510;1,412754;1000;(0.023, 0.084, -37.941);(0.009, 0.064, 0.000);0;Left;0;2800;Unkown
0;511;1,410461;1000;(0.023, 0.084, -37.905);(0.009, 0.064, 0.000);0;Left;0;2800;Unkown
0;512;1,408173;1000;(0.023, 0.084, -37.867);(0.009, 0.064, 0.000);0;Left;0;2800;Unkown
0;513;1,405889;1000;(0.023, 0.084, -37.837);(0.009, 0.064, 0.000);0;Left;0;2800;Unkown
0;514;1,401334;1000;(0.023, 0.084, -37.804);(0.009, 0.064, 0.000);0;Left;0;2800;Unkown
0;515;1,399063;1000;(0.023, 0.084, -37.768);(0.009, 0.064, 0.000);0;Left;0;2800;Unkown
0;516;1,396796;1000;(0.023, 0.084, -37.731);(0.009, 0.064, 0.000);0;Left;0;2800;Unkown
0;517;1,394534;1000;(0.023, 0.084, -37.698);(0.009, 0.064, 0.000);0;Left;0;2800;Unkown
0;518;1,390021;1000;(0.023, 0.084, -37.662);(0.009, 0.064, 0.000);0;Left;0;2800;Unkown
0;519;1,387772;1000;(0.023, 0.084, -37.626);(0.009, 0.064, 0.000);0;Left;0;2800;Unkown
0;520;1,385526;1000;(0.023, 0.084, -37.587);(0.009, 0.064, 0.000);0;Left;0;2800;Unkown
0;521;1,383285;1000;(0.023, 0.084, -37.560);(0.009, 0.064, 0.000);0;Left;0;2800;Unkown
0;522;1,378814;1000;(0.023, 0.084, -37.525);(0.009, 0.064, 0.000);0;Left;0;2800;Unkown
0;523;1,376585;1000;(0.023, 0.084, -37.490);(0.009, 0.064, 0.000);0;Left;0;2800;Unkown
0;524;1,374361;1000;(0.023, 0.084, -37.451);(0.009, 0.064, 0.000);0;Left;0;2800;Unkown
0;525;1,369924;1000;(0.024, 0.084, -37.416);(0.009, 0.064, 0.000);0;Left;0;2800;Unkown
0;526;1,367712;1000;(0.024, 0.084, -37.383);(0.009, 0.064, 0.000);0;Left;0;2800;Unkown
0;527;1,365504;1000;(0.024, 0.084, -37.346);(0.009, 0.064, 0.000);0;Left;0;2800;Unkown
0;528;1,3633;1000;(0.024, 0.084, -37.313);(0.009, 0.064, 0.000);0;Left;0;2800;Unkown
0;529;1,358905;1000;(0.024, 0.084, -37.283);(0.009, 0.064, 0.000);0;Left;0;2800;Unkown
0;530;1,356714;1000;(0.024, 0.084, -37.251);(0.009, 0.064, 0.000);0;Left;0;2800;Unkown
0;531;1,354526;1000;(0.024, 0.084, -37.217);(0.009, 0.064, 0.000);0;Left;0;2800;Unkown
0;532;1,352343;1000;(0.024, 0.084, -37.184);(0.009, 0.064, 0.000);0;Left;0;2800;Unkown
0;533;1,350164;1000;(0.024, 0.084, -37.154);(0.008, 0.064, 0.000);0;Left;0;2800;Unkown
0;534;1,345818;1000;(0.024, 0.084, -37.118);(0.008, 0.064, 0.000);0;Left;0;2800;Unkown
0;535;1,343651;1000;(0.024, 0.084, -37.081);(0.008, 0.064, 0.000);0;Left;0;2800;Unkown
0;536;1,341488;1000;(0.024, 0.084, -37.047);(0.008, 0.064, 0.000);0;Left;0;2800;Unkown
0;537;1,339329;1000;(0.024, 0.084, -37.018);(0.008, 0.064, 0.000);0;Left;0;2800;Unkown
0;538;1,335024;1000;(0.024, 0.084, -36.987);(0.008, 0.064, 0.000);0;Left;0;2800;Unkown
0;539;1,332877;1000;(0.024, 0.084, -36.949);(0.008, 0.064, 0.000);0;Left;0;2800;Unkown
0;540;1,330735;1000;(0.024, 0.084, -36.917);(0.008, 0.064, 0.000);0;Left;0;2800;Unkown
0;541;1,328596;1000;(0.024, 0.084, -36.882);(0.008, 0.064, 0.000);0;Left;0;2800;Unkown
0;542;1,324331;1000;(0.024, 0.084, -36.849);(0.008, 0.064, 0.000);0;Left;0;2800;Unkown
0;543;1,322205;1000;(0.024, 0.084, -36.813);(0.008, 0.064, 0.000);0;Left;0;2800;Unkown
0;544;1,317963;1000;(0.024, 0.084, -36.770);(0.008, 0.064, 0.000);0;Left;0;2800;Unkown
0;545;1,315849;1000;(0.024, 0.084, -36.734);(0.008, 0.064, 0.000);0;Left;0;2800;Unkown
0;546;1,313738;1000;(0.024, 0.084, -36.697);(0.008, 0.064, 0.000);0;Left;0;2800;Unkown
0;547;1,309529;1000;(0.024, 0.084, -36.664);(0.008, 0.064, 0.000);0;Left;0;2800;Unkown
0;548;1,30743;1000;(0.024, 0.084, -36.631);(0.008, 0.064, 0.000);0;Left;0;2800;Unkown
0;549;1,305335;1000;(0.024, 0.084, -36.599);(0.008, 0.064, 0.000);0;Left;0;2800;Unkown
0;550;1,303244;1000;(0.024, 0.084, -36.566);(0.008, 0.064, 0.000);0;Left;0;2800;Unkown
0;551;1,299074;1000;(0.025, 0.084, -36.531);(0.008, 0.064, 0.000);0;Left;0;2800;Unkown
0;552;1,296995;1000;(0.025, 0.084, -36.496);(0.008, 0.064, 0.000);0;Left;0;2800;Unkown
0;553;1,294919;1000;(0.025, 0.084, -36.466);(0.008, 0.064, 0.000);0;Left;0;2800;Unkown
0;554;1,290781;1000;(0.025, 0.084, -36.434);(0.008, 0.064, 0.000);0;Left;0;2800;Unkown
0;555;1,288717;1000;(0.025, 0.084, -36.404);(0.008, 0.064, 0.000);0;Left;0;2800;Unkown
0;556;1,286657;1000;(0.025, 0.084, -36.371);(0.008, 0.064, 0.000);0;Left;0;2800;Unkown
0;557;1,284601;1000;(0.025, 0.084, -36.340);(0.008, 0.064, 0.000);0;Left;0;2800;Unkown
0;558;1,282549;1000;(0.025, 0.084, -36.310);(0.008, 0.064, 0.000);0;Left;0;2800;Unkown
0;559;1,278457;1000;(0.025, 0.084, -36.273);(0.008, 0.064, 0.000);0;Left;0;2800;Unkown
0;560;1,276416;1000;(0.025, 0.084, -36.238);(0.008, 0.064, 0.000);0;Left;0;2800;Unkown
0;561;1,274379;1000;(0.025, 0.084, -36.206);(0.008, 0.064, 0.000);0;Left;0;2800;Unkown
0;562;1,270317;1000;(0.025, 0.084, -36.174);(0.008, 0.064, 0.000);0;Left;0;2800;Unkown
0;563;1,268292;1000;(0.025, 0.084, -36.141);(0.008, 0.064, 0.000);0;Left;0;2800;Unkown
0;564;1,266271;1000;(0.025, 0.084, -36.103);(0.008, 0.064, 0.000);0;Left;0;2800;Unkown
0;565;1,262239;1000;(0.025, 0.084, -36.072);(0.008, 0.064, 0.000);0;Left;0;2800;Unkown
0;566;1,260229;1000;(0.025, 0.084, -36.037);(0.008, 0.064, 0.000);0;Left;0;2800;Unkown
0;567;1,25622;1000;(0.025, 0.084, -36.001);(0.008, 0.064, 0.000);0;Left;0;2800;Unkown
0;568;1,254221;1000;(0.025, 0.084, -35.965);(0.008, 0.064, 0.000);0;Left;0;2800;Unkown
0;569;1,252226;1000;(0.025, 0.084, -35.937);(0.008, 0.064, 0.000);0;Left;0;2800;Unkown
0;570;1,250235;1000;(0.025, 0.084, -35.908);(0.008, 0.064, 0.000);0;Left;0;2800;Unkown
0;571;1,246263;1000;(0.025, 0.084, -35.875);(0.008, 0.064, 0.000);0;Left;0;2800;Unkown
0;572;1,244283;1000;(0.025, 0.084, -35.841);(0.008, 0.064, 0.000);0;Left;0;2800;Unkown
0;573;1,242307;1000;(0.025, 0.084, -35.811);(0.008, 0.064, 0.000);0;Left;0;2800;Unkown
0;574;1,240334;1000;(0.025, 0.084, -35.780);(0.008, 0.064, 0.000);0;Left;0;2800;Unkown
0;575;1,2364;1000;(0.025, 0.084, -35.746);(0.008, 0.064, 0.000);0;Left;0;2800;Unkown
0;576;1,234438;1000;(0.025, 0.084, -35.708);(0.008, 0.064, 0.000);0;Left;0;2800;Unkown
0;577;1,230526;1000;(0.025, 0.084, -35.673);(0.008, 0.064, 0.000);0;Left;0;2800;Unkown
0;578;1,228575;1000;(0.025, 0.084, -35.640);(0.008, 0.064, 0.000);0;Left;0;2800;Unkown
0;579;1,226628;1000;(0.026, 0.084, -35.608);(0.008, 0.064, 0.000);0;Left;0;2800;Unkown
0;580;1,222745;1000;(0.026, 0.084, -35.579);(0.008, 0.064, 0.000);0;Left;0;2800;Unkown
0;581;1,220809;1000;(0.026, 0.084, -35.549);(0.008, 0.064, 0.000);0;Left;0;2800;Unkown
0;582;1,218876;1000;(0.026, 0.084, -35.517);(0.007, 0.064, 0.000);0;Left;0;2800;Unkown
0;583;1,216948;1000;(0.026, 0.084, -35.485);(0.007, 0.064, 0.000);0;Left;0;2800;Unkown
0;584;1,213101;1000;(0.026, 0.084, -35.453);(0.007, 0.064, 0.000);0;Left;0;2800;Unkown
0;585;1,211183;1000;(0.026, 0.084, -35.424);(0.007, 0.064, 0.000);0;Left;0;2800;Unkown
0;586;1,209269;1000;(0.026, 0.084, -35.394);(0.007, 0.064, 0.000);0;Left;0;2800;Unkown
0;587;1,207358;1000;(0.026, 0.084, -35.364);(0.007, 0.064, 0.000);0;Left;0;2800;Unkown
0;588;1,203547;1000;(0.026, 0.084, -35.336);(0.007, 0.064, 0.000);0;Left;0;2800;Unkown
0;589;1,201647;1000;(0.026, 0.084, -35.305);(0.007, 0.064, 0.000);0;Left;0;2800;Unkown
0;590;1,19975;1000;(0.026, 0.084, -35.276);(0.007, 0.064, 0.000);0;Left;0;2800;Unkown
0;591;1,197857;1000;(0.026, 0.084, -35.246);(0.007, 0.064, 0.000);0;Left;0;2800;Unkown
0;592;1,194082;1000;(0.026, 0.084, -35.216);(0.007, 0.064, 0.000);0;Left;0;2800;Unkown
0;593;1,1922;1000;(0.026, 0.084, -35.191);(0.007, 0.064, 0.000);0;Left;0;2800;Unkown
0;594;1,190321;1000;(0.026, 0.084, -35.164);(0.007, 0.064, 0.000);0;Left;0;2800;Unkown
0;595;1,188446;1000;(0.026, 0.084, -35.138);(0.007, 0.064, 0.000);0;Left;0;2800;Unkown
0;596;1,186574;1000;(0.026, 0.084, -35.111);(0.007, 0.064, 0.000);0;Left;0;2800;Unkown
0;597;1,184705;1000;(0.026, 0.084, -35.084);(0.007, 0.064, 0.000);0;Left;0;2800;Unkown
0;598;1,182841;1000;(0.026, 0.084, -35.055);(0.007, 0.064, 0.000);0;Left;0;2800;Unkown
0;599;1,179122;1000;(0.026, 0.084, -35.025);(0.007, 0.064, 0.000);0;Left;0;2800;Unkown
0;600;1,177267;1000;(0.026, 0.084, -34.995);(0.007, 0.064, 0.000);0;Left;0;2800;Unkown
0;601;1,175416;1000;(0.026, 0.084, -34.969);(0.007, 0.064, 0.000);0;Left;0;2800;Unkown
0;602;1,173569;1000;(0.026, 0.084, -34.945);(0.007, 0.064, 0.000);0;Left;0;2800;Unkown
0;603;1,171725;1000;(0.026, 0.084, -34.915);(0.007, 0.064, 0.000);0;Left;0;2800;Unkown
0;604;1,169885;1000;(0.026, 0.084, -34.889);(0.007, 0.064, 0.000);0;Left;0;2800;Unkown
0;605;1,166214;1000;(0.026, 0.084, -34.862);(0.007, 0.064, 0.000);0;Left;0;2800;Unkown
0;606;1,164384;1000;(0.026, 0.084, -34.834);(0.007, 0.064, 0.000);0;Left;0;2800;Unkown
0;607;1,162557;1000;(0.026, 0.084, -34.805);(0.007, 0.064, 0.000);0;Left;0;2800;Unkown
0;608;1,160734;1000;(0.026, 0.084, -34.772);(0.007, 0.064, 0.000);0;Left;0;2800;Unkown
0;609;1,158914;1000;(0.026, 0.084, -34.747);(0.007, 0.064, 0.000);0;Left;0;2800;Unkown
0;610;1,155285;1000;(0.027, 0.084, -34.720);(0.007, 0.064, 0.000);0;Left;0;2800;Unkown
0;611;1,153475;1000;(0.027, 0.084, -34.693);(0.007, 0.064, 0.000);0;Left;0;2800;Unkown
0;612;1,151669;1000;(0.027, 0.084, -34.665);(0.007, 0.064, 0.000);0;Left;0;2800;Unkown
0;613;1,149866;1000;(0.027, 0.084, -34.636);(0.007, 0.064, 0.000);0;Left;0;2800;Unkown
0;614;1,148067;1000;(0.027, 0.084, -34.610);(0.007, 0.064, 0.000);0;Left;0;2800;Unkown
0;615;1,144478;1000;(0.027, 0.084, -34.578);(0.007, 0.064, 0.000);0;Left;0;2800;Unkown
0;616;1,142688;1000;(0.027, 0.084, -34.551);(0.007, 0.064, 0.000);0;Left;0;2800;Unkown
0;617;1,140902;1000;(0.027, 0.084, -34.522);(0.007, 0.064, 0.000);0;Left;0;2800;Unkown
0;618;1,13734;1000;(0.027, 0.084, -34.493);(0.007, 0.064, 0.000);0;Left;0;2800;Unkown
0;619;1,135564;1000;(0.027, 0.084, -34.464);(0.007, 0.064, 0.000);0;Left;0;2800;Unkown
0;620;1,133792;1000;(0.027, 0.084, -34.437);(0.007, 0.064, 0.000);0;Left;0;2800;Unkown
0;621;1,132022;1000;(0.027, 0.084, -34.410);(0.007, 0.064, 0.000);0;Left;0;2800;Unkown
0;622;1,128493;1000;(0.027, 0.084, -34.380);(0.007, 0.064, 0.000);0;Left;0;2800;Unkown
0;623;1,126734;1000;(0.027, 0.084, -34.349);(0.007, 0.064, 0.000);0;Left;0;2800;Unkown
0;624;1,124978;1000;(0.027, 0.084, -34.323);(0.007, 0.064, 0.000);0;Left;0;2800;Unkown
0;625;1,123225;1000;(0.027, 0.084, -34.297);(0.007, 0.064, 0.000);0;Left;0;2800;Unkown
0;626;1,121475;1000;(0.027, 0.084, -34.273);(0.007, 0.064, 0.000);0;Left;0;2800;Unkown
0;627;1,119729;1000;(0.027, 0.084, -34.248);(0.007, 0.064, 0.000);0;Left;0;2800;Unkown
0;628;1,116246;1000;(0.027, 0.084, -34.221);(0.007, 0.064, 0.000);0;Left;0;2800;Unkown
0;629;1,11451;1000;(0.027, 0.084, -34.193);(0.007, 0.064, 0.000);0;Left;0;2800;Unkown
0;630;1,112777;1000;(0.027, 0.084, -34.162);(0.007, 0.064, 0.000);0;Left;0;2800;Unkown
0;631;1,10932;1000;(0.027, 0.084, -34.132);(0.007, 0.064, 0.000);0;Left;0;2800;Unkown
0;632;1,107596;1000;(0.027, 0.084, -34.100);(0.007, 0.064, 0.000);0;Left;0;2800;Unkown
0;633;1,105876;1000;(0.027, 0.084, -34.075);(0.007, 0.064, 0.000);0;Left;0;2800;Unkown
0;634;1,102445;1000;(0.027, 0.084, -34.042);(0.007, 0.064, 0.000);0;Left;0;2800;Unkown
0;635;1,100734;1000;(0.027, 0.084, -34.010);(0.007, 0.064, 0.000);0;Left;0;2800;Unkown
0;636;1,099027;1000;(0.027, 0.084, -33.983);(0.007, 0.064, 0.000);0;Left;0;2800;Unkown
0;637;1,095622;1000;(0.027, 0.084, -33.957);(0.007, 0.064, 0.000);0;Left;0;2800;Unkown
0;638;1,093924;1000;(0.027, 0.084, -33.930);(0.007, 0.064, 0.000);0;Left;0;2800;Unkown
0;639;1,092229;1000;(0.027, 0.084, -33.903);(0.007, 0.064, 0.000);0;Left;0;2800;Unkown
0;640;1,090537;1000;(0.027, 0.084, -33.876);(0.006, 0.064, 0.000);0;Left;0;2800;Unkown
0;641;1,088849;1000;(0.027, 0.084, -33.850);(0.006, 0.064, 0.000);0;Left;0;2800;Unkown
0;642;1,085482;1000;(0.028, 0.084, -33.825);(0.006, 0.064, 0.000);0;Left;0;2800;Unkown
0;643;1,083803;1000;(0.028, 0.084, -33.801);(0.006, 0.064, 0.000);0;Left;0;2800;Unkown
0;644;1,082127;1000;(0.028, 0.084, -33.773);(0.006, 0.064, 0.000);0;Left;0;2800;Unkown
0;645;1,080455;1000;(0.028, 0.084, -33.747);(0.006, 0.064, 0.000);0;Left;0;2800;Unkown
0;646;1,078785;1000;(0.028, 0.084, -33.723);(0.006, 0.064, 0.000);0;Left;0;2800;Unkown
0;647;1,075456;1000;(0.028, 0.084, -33.693);(0.006, 0.064, 0.000);0;Left;0;2800;Unkown
0;648;1,073795;1000;(0.028, 0.084, -33.667);(0.006, 0.064, 0.000);0;Left;0;2800;Unkown
0;649;1,072138;1000;(0.028, 0.084, -33.644);(0.006, 0.064, 0.000);0;Left;0;2800;Unkown
0;650;1,070485;1000;(0.028, 0.084, -33.619);(0.006, 0.064, 0.000);0;Left;0;2800;Unkown
0;651;1,068834;1000;(0.028, 0.084, -33.593);(0.006, 0.064, 0.000);0;Left;0;2800;Unkown
0;652;1,065541;1000;(0.028, 0.084, -33.567);(0.006, 0.064, 0.000);0;Left;0;2800;Unkown
0;653;1,0639;1000;(0.028, 0.084, -33.542);(0.006, 0.064, 0.000);0;Left;0;2800;Unkown
0;654;1,062261;1000;(0.028, 0.084, -33.518);(0.006, 0.064, 0.000);0;Left;0;2800;Unkown
0;655;1,060626;1000;(0.028, 0.084, -33.490);(0.006, 0.064, 0.000);0;Left;0;2800;Unkown
0;656;1,058993;1000;(0.028, 0.084, -33.465);(0.006, 0.064, 0.000);0;Left;0;2800;Unkown
0;657;1,055738;1000;(0.028, 0.084, -33.440);(0.006, 0.064, 0.000);0;Left;0;2800;Unkown
0;658;1,054115;1000;(0.028, 0.084, -33.414);(0.006, 0.064, 0.000);0;Left;0;2800;Unkown
0;659;1,052495;1000;(0.028, 0.084, -33.385);(0.006, 0.064, 0.000);0;Left;0;2800;Unkown
0;660;1,050877;1000;(0.028, 0.084, -33.362);(0.006, 0.064, 0.000);0;Left;0;2800;Unkown
0;661;1,047652;1000;(0.028, 0.084, -33.332);(0.006, 0.064, 0.000);0;Left;0;2800;Unkown
0;662;1,046044;1000;(0.028, 0.084, -33.305);(0.006, 0.064, 0.000);0;Left;0;2800;Unkown
0;663;1,044439;1000;(0.028, 0.084, -33.275);(0.006, 0.064, 0.000);0;Left;0;2800;Unkown
0;664;1,041238;1000;(0.028, 0.084, -33.249);(0.006, 0.064, 0.000);0;Left;0;2800;Unkown
0;665;1,039642;1000;(0.028, 0.084, -33.223);(0.006, 0.064, 0.000);0;Left;0;2800;Unkown
0;666;1,038049;1000;(0.028, 0.084, -33.196);(0.006, 0.064, 0.000);0;Left;0;2800;Unkown
0;667;1,036459;1000;(0.028, 0.084, -33.171);(0.006, 0.064, 0.000);0;Left;0;2800;Unkown
0;668;1,033288;1000;(0.028, 0.084, -33.147);(0.006, 0.064, 0.000);0;Left;0;2800;Unkown
0;669;1,031706;1000;(0.028, 0.084, -33.121);(0.006, 0.064, 0.000);0;Left;0;2800;Unkown
0;670;1,030128;1000;(0.028, 0.084, -33.095);(0.006, 0.064, 0.000);0;Left;0;2800;Unkown
0;671;1,028553;1000;(0.028, 0.084, -33.069);(0.006, 0.064, 0.000);0;Left;0;2800;Unkown
0;672;1,025411;1000;(0.028, 0.084, -33.042);(0.006, 0.064, 0.000);0;Left;0;2800;Unkown
0;673;1,023845;1000;(0.028, 0.084, -33.021);(0.006, 0.064, 0.000);0;Left;0;2800;Unkown
0;674;1,022281;1000;(0.028, 0.084, -32.999);(0.006, 0.064, 0.000);0;Left;0;2800;Unkown
0;675;1,020721;1000;(0.028, 0.084, -32.975);(0.006, 0.064, 0.000);0;Left;0;2800;Unkown
0;676;1,019163;1000;(0.028, 0.084, -32.952);(0.006, 0.064, 0.000);0;Left;0;2800;Unkown
0;677;1,017608;1000;(0.029, 0.084, -32.924);(0.006, 0.064, 0.000);0;Left;0;2800;Unkown
0;678;1,014508;1000;(0.029, 0.084, -32.899);(0.006, 0.064, 0.000);0;Left;0;2800;Unkown
0;679;1,012962;1000;(0.029, 0.084, -32.875);(0.006, 0.064, 0.000);0;Left;0;2800;Unkown
0;680;1,011418;1000;(0.029, 0.084, -32.851);(0.006, 0.064, 0.000);0;Left;0;2800;Unkown
0;681;1,009878;1000;(0.029, 0.084, -32.829);(0.006, 0.064, 0.000);0;Left;0;2800;Unkown
0;682;1,008341;1000;(0.029, 0.084, -32.804);(0.006, 0.064, 0.000);0;Left;0;2800;Unkown
0;683;1,005275;1000;(0.029, 0.084, -32.781);(0.006, 0.064, 0.000);0;Left;0;2800;Unkown
0;684;1,003746;1000;(0.029, 0.084, -32.757);(0.006, 0.064, 0.000);0;Left;0;2800;Unkown
0;685;1,00222;1000;(0.029, 0.084, -32.735);(0.006, 0.064, 0.000);0;Left;0;2800;Unkown
0;686;1,000697;1000;(0.029, 0.084, -32.710);(0.006, 0.064, 0.000);0;Left;0;2800;Unkown
0;687;0,9991769;1000;(0.029, 0.084, -32.684);(0.006, 0.064, 0.000);0;Left;0;2800;Unkown
0;688;0,9961575;1000;(0.029, 0.084, -32.659);(0.006, 0.064, 0.000);0;Left;0;2800;Unkown
0;689;0,9946609;1000;(0.029, 0.084, -32.636);(0.006, 0.064, 0.000);0;Left;0;2800;Unkown
0;690;0,9931728;1000;(0.029, 0.084, -32.614);(0.006, 0.064, 0.000);0;Left;0;2800;Unkown
0;691;0,9916934;1000;(0.029, 0.084, -32.592);(0.006, 0.064, 0.000);0;Left;0;2800;Unkown
0;692;0,9902225;1000;(0.029, 0.084, -32.566);(0.006, 0.064, 0.000);0;Left;0;2800;Unkown
0;693;0,9887601;1000;(0.029, 0.084, -32.543);(0.006, 0.064, 0.000);0;Left;0;2800;Unkown
0;694;0,9858606;1000;(0.029, 0.084, -32.520);(0.006, 0.064, 0.000);0;Left;0;2800;Unkown
0;695;0,9844235;1000;(0.029, 0.084, -32.496);(0.006, 0.064, 0.000);0;Left;0;2800;Unkown
0;696;0,9829946;1000;(0.029, 0.084, -32.474);(0.005, 0.064, 0.000);0;Left;0;2800;Unkown
0;697;0,9815739;1000;(0.029, 0.084, -32.453);(0.005, 0.064, 0.000);0;Left;0;2800;Unkown
0;698;0,9801615;1000;(0.029, 0.084, -32.432);(0.005, 0.064, 0.000);0;Left;0;2800;Unkown
0;699;0,9787572;1000;(0.029, 0.084, -32.408);(0.005, 0.064, 0.000);0;Left;0;2800;Unkown
0;700;0,977361;1000;(0.029, 0.084, -32.387);(0.005, 0.064, 0.000);0;Left;0;2800;Unkown
0;701;0,9745929;1000;(0.029, 0.084, -32.364);(0.005, 0.064, 0.000);0;Left;0;2800;Unkown
0;702;0,9732208;1000;(0.029, 0.084, -32.343);(0.005, 0.064, 0.000);0;Left;0;2800;Unkown
0;703;0,9718566;1000;(0.029, 0.084, -32.316);(0.005, 0.064, 0.000);0;Left;0;2800;Unkown
0;704;0,9705003;1000;(0.029, 0.084, -32.290);(0.005, 0.064, 0.000);0;Left;0;2800;Unkown
0;705;0,9691519;1000;(0.029, 0.084, -32.270);(0.005, 0.064, 0.000);0;Left;0;2800;Unkown
0;706;0,9678112;1000;(0.029, 0.084, -32.250);(0.005, 0.064, 0.000);0;Left;0;2800;Unkown
0;707;0,965153;1000;(0.029, 0.084, -32.227);(0.005, 0.064, 0.000);0;Left;0;2800;Unkown
0;708;0,9638354;1000;(0.029, 0.084, -32.205);(0.005, 0.064, 0.000);0;Left;0;2800;Unkown
0;709;0,9625254;1000;(0.029, 0.084, -32.181);(0.005, 0.064, 0.000);0;Left;0;2800;Unkown
0;710;0,9612231;1000;(0.029, 0.084, -32.159);(0.005, 0.064, 0.000);0;Left;0;2800;Unkown
0;711;0,9599282;1000;(0.029, 0.084, -32.136);(0.005, 0.064, 0.000);0;Left;0;2800;Unkown
0;712;0,9573608;1000;(0.029, 0.084, -32.112);(0.005, 0.064, 0.000);0;Left;0;2800;Unkown
0;713;0,9560882;1000;(0.029, 0.084, -32.091);(0.005, 0.064, 0.000);0;Left;0;2800;Unkown
0;714;0,954823;1000;(0.029, 0.084, -32.069);(0.005, 0.064, 0.000);0;Left;0;2800;Unkown
0;715;0,9535651;1000;(0.029, 0.084, -32.048);(0.005, 0.064, 0.000);0;Left;0;2800;Unkown
0;716;0,9523144;1000;(0.030, 0.084, -32.026);(0.005, 0.064, 0.000);0;Left;0;2800;Unkown
0;717;0,951071;1000;(0.030, 0.084, -32.003);(0.005, 0.064, 0.000);0;Left;0;2800;Unkown
0;718;0,9486056;1000;(0.030, 0.084, -31.980);(0.005, 0.064, 0.000);0;Left;0;2800;Unkown
0;719;0,9473836;1000;(0.030, 0.084, -31.955);(0.005, 0.064, 0.000);0;Left;0;2800;Unkown
0;720;0,9461687;1000;(0.030, 0.084, -31.931);(0.005, 0.064, 0.000);0;Left;0;2800;Unkown
0;721;0,9449608;1000;(0.030, 0.084, -31.910);(0.005, 0.064, 0.000);0;Left;0;2800;Unkown
0;722;0,9437597;1000;(0.030, 0.084, -31.889);(0.004, 0.064, 0.000);0;Left;0;2800;Unkown
0;723;0,9413787;1000;(0.030, 0.084, -31.867);(0.004, 0.064, 0.000);0;Left;0;2800;Unkown
0;724;0,9401984;1000;(0.030, 0.084, -31.847);(0.004, 0.064, 0.000);0;Left;0;2800;Unkown
0;725;0,939025;1000;(0.030, 0.084, -31.825);(0.004, 0.064, 0.000);0;Left;0;2800;Unkown
0;726;0,9378583;1000;(0.030, 0.084, -31.802);(0.004, 0.064, 0.000);0;Left;0;2800;Unkown
0;727;0,9366983;1000;(0.030, 0.084, -31.777);(0.004, 0.064, 0.000);0;Left;0;2800;Unkown
0;728;0,9343985;1000;(0.030, 0.084, -31.754);(0.004, 0.064, 0.000);0;Left;0;2800;Unkown
0;729;0,9332586;1000;(0.030, 0.084, -31.735);(0.004, 0.064, 0.000);0;Left;0;2800;Unkown
0;730;0,9321252;1000;(0.030, 0.084, -31.713);(0.004, 0.064, 0.000);0;Left;0;2800;Unkown
0;731;0,9309984;1000;(0.030, 0.084, -31.692);(0.004, 0.064, 0.000);0;Left;0;2800;Unkown
0;732;0,9298781;1000;(0.030, 0.084, -31.670);(0.004, 0.064, 0.000);0;Left;0;2800;Unkown
0;733;0,9287642;1000;(0.030, 0.084, -31.650);(0.004, 0.064, 0.000);0;Left;0;2800;Unkown
0;734;0,9276568;1000;(0.030, 0.084, -31.629);(0.004, 0.064, 0.000);0;Left;0;2800;Unkown
0;735;0,9254612;1000;(0.030, 0.084, -31.605);(0.004, 0.064, 0.000);0;Left;0;2800;Unkown
0;736;0,9243729;1000;(0.030, 0.084, -31.583);(0.004, 0.064, 0.000);0;Left;0;2800;Unkown
0;737;0,9232908;1000;(0.030, 0.084, -31.562);(0.004, 0.064, 0.000);0;Left;0;2800;Unkown
0;738;0,922215;1000;(0.030, 0.084, -31.542);(0.004, 0.064, 0.000);0;Left;0;2800;Unkown
0;739;0,9211454;1000;(0.030, 0.084, -31.520);(0.004, 0.064, 0.000);0;Left;0;2800;Unkown
0;740;0,920082;1000;(0.030, 0.084, -31.496);(0.004, 0.064, 0.000);0;Left;0;2800;Unkown
0;741;0,9179735;1000;(0.030, 0.084, -31.476);(0.004, 0.064, 0.000);0;Left;0;2800;Unkown
0;742;0,9169284;1000;(0.030, 0.084, -31.454);(0.004, 0.064, 0.000);0;Left;0;2800;Unkown
0;743;0,9158893;1000;(0.030, 0.084, -31.432);(0.004, 0.064, 0.000);0;Left;0;2800;Unkown
0;744;0,9148562;1000;(0.030, 0.084, -31.408);(0.004, 0.064, 0.000);0;Left;0;2800;Unkown
0;745;0,9138291;1000;(0.030, 0.084, -31.385);(0.004, 0.064, 0.000);0;Left;0;2800;Unkown
0;746;0,9117927;1000;(0.030, 0.084, -31.365);(0.004, 0.064, 0.000);0;Left;0;2800;Unkown
0;747;0,9107833;1000;(0.030, 0.084, -31.344);(0.004, 0.064, 0.000);0;Left;0;2800;Unkown
0;748;0,9097797;1000;(0.030, 0.084, -31.323);(0.004, 0.064, 0.000);0;Left;0;2800;Unkown
0;749;0,9087819;1000;(0.030, 0.084, -31.300);(0.004, 0.064, 0.000);0;Left;0;2800;Unkown
0;750;0,9077899;1000;(0.030, 0.084, -31.280);(0.004, 0.064, 0.000);0;Left;0;2800;Unkown
0;751;0,9058231;1000;(0.030, 0.084, -31.255);(0.004, 0.064, 0.000);0;Left;0;2800;Unkown
0;752;0,9048482;1000;(0.030, 0.084, -31.230);(0.004, 0.064, 0.000);0;Left;0;2800;Unkown
0;753;0,9038789;1000;(0.030, 0.084, -31.209);(0.004, 0.064, 0.000);0;Left;0;2800;Unkown
0;754;0,9029152;1000;(0.030, 0.084, -31.190);(0.004, 0.064, 0.000);0;Left;0;2800;Unkown
0;755;0,9010044;1000;(0.030, 0.084, -31.166);(0.003, 0.064, 0.000);0;Left;0;2800;Unkown
0;756;0,9000573;1000;(0.030, 0.084, -31.146);(0.003, 0.064, 0.000);0;Left;0;2800;Unkown
0;757;0,8991157;1000;(0.031, 0.084, -31.126);(0.003, 0.064, 0.000);0;Left;0;2800;Unkown
0;758;0,8981795;1000;(0.031, 0.084, -31.105);(0.003, 0.064, 0.000);0;Left;0;2800;Unkown
0;759;0,8972487;1000;(0.031, 0.084, -31.083);(0.003, 0.064, 0.000);0;Left;0;2800;Unkown
0;760;0,8963233;1000;(0.031, 0.084, -31.060);(0.003, 0.064, 0.000);0;Left;0;2800;Unkown
0;761;0,8944885;1000;(0.031, 0.084, -31.041);(0.003, 0.064, 0.000);0;Left;0;2800;Unkown
0;762;0,8935789;1000;(0.031, 0.084, -31.016);(0.003, 0.064, 0.000);0;Left;0;2800;Unkown
0;763;0,8926747;1000;(0.031, 0.084, -30.996);(0.003, 0.064, 0.000);0;Left;0;2800;Unkown
0;764;0,8917757;1000;(0.031, 0.084, -30.976);(0.003, 0.064, 0.000);0;Left;0;2800;Unkown
0;765;0,890882;1000;(0.031, 0.084, -30.955);(0.003, 0.064, 0.000);0;Left;0;2800;Unkown
0;766;0,8891098;1000;(0.031, 0.084, -30.932);(0.003, 0.064, 0.000);0;Left;0;2800;Unkown
0;767;0,8882314;1000;(0.031, 0.084, -30.910);(0.003, 0.064, 0.000);0;Left;0;2800;Unkown
0;768;0,8873581;1000;(0.031, 0.084, -30.887);(0.003, 0.064, 0.000);0;Left;0;2800;Unkown
0;769;0,8864897;1000;(0.031, 0.084, -30.867);(0.003, 0.064, 0.000);0;Left;0;2800;Unkown
0;770;0,8856265;1000;(0.031, 0.084, -30.847);(0.003, 0.064, 0.000);0;Left;0;2800;Unkown
0;771;0,8839149;1000;(0.031, 0.084, -30.825);(0.003, 0.064, 0.000);0;Left;0;2800;Unkown
0;772;0,8830664;1000;(0.031, 0.084, -30.805);(0.003, 0.064, 0.000);0;Left;0;2800;Unkown
0;773;0,882223;1000;(0.031, 0.084, -30.785);(0.003, 0.064, 0.000);0;Left;0;2800;Unkown
0;774;0,8813843;1000;(0.031, 0.084, -30.765);(0.003, 0.064, 0.000);0;Left;0;2800;Unkown
0;775;0,8805505;1000;(0.031, 0.084, -30.743);(0.003, 0.064, 0.000);0;Left;0;2800;Unkown
0;776;0,8788973;1000;(0.031, 0.084, -30.722);(0.003, 0.064, 0.000);0;Left;0;2800;Unkown
0;777;0,8780779;1000;(0.031, 0.084, -30.703);(0.003, 0.064, 0.000);0;Left;0;2800;Unkown
0;778;0,8772632;1000;(0.031, 0.084, -30.684);(0.003, 0.064, 0.000);0;Left;0;2800;Unkown
0;779;0,8764532;1000;(0.031, 0.084, -30.663);(0.003, 0.064, 0.000);0;Left;0;2800;Unkown
0;780;0,8756478;1000;(0.031, 0.084, -30.642);(0.003, 0.064, 0.000);0;Left;0;2800;Unkown
0;781;0,8748472;1000;(0.031, 0.084, -30.619);(0.003, 0.064, 0.000);0;Left;0;2800;Unkown
0;782;0,8732596;1000;(0.031, 0.084, -30.598);(0.003, 0.064, 0.000);0;Left;0;2800;Unkown
0;783;0,8724727;1000;(0.031, 0.084, -30.575);(0.003, 0.064, 0.000);0;Left;0;2800;Unkown
0;784;0,8716903;1000;(0.031, 0.084, -30.554);(0.003, 0.064, 0.000);0;Left;0;2800;Unkown
0;785;0,8709125;1000;(0.031, 0.084, -30.535);(0.003, 0.064, 0.000);0;Left;0;2800;Unkown
0;786;0,8701391;1000;(0.031, 0.084, -30.514);(0.003, 0.064, 0.000);0;Left;0;2800;Unkown
0;787;0,8686058;1000;(0.031, 0.084, -30.493);(0.003, 0.064, 0.000);0;Left;0;2800;Unkown
0;788;0,8678458;1000;(0.031, 0.084, -30.472);(0.003, 0.064, 0.000);0;Left;0;2800;Unkown
0;789;0,8670902;1000;(0.031, 0.084, -30.452);(0.003, 0.064, 0.000);0;Left;0;2800;Unkown
0;790;0,8663389;1000;(0.031, 0.084, -30.432);(0.003, 0.064, 0.000);0;Left;0;2800;Unkown
0;791;0,865592;1000;(0.031, 0.084, -30.409);(0.003, 0.064, 0.000);0;Left;0;2800;Unkown
0;792;0,8641111;1000;(0.031, 0.084, -30.385);(0.003, 0.064, 0.000);0;Left;0;2800;Unkown
0;793;0,863377;1000;(0.031, 0.084, -30.365);(0.003, 0.064, 0.000);0;Left;0;2800;Unkown
0;794;0,8626472;1000;(0.031, 0.084, -30.346);(0.003, 0.064, 0.000);0;Left;0;2800;Unkown
0;795;0,8619215;1000;(0.031, 0.084, -30.326);(0.003, 0.064, 0.000);0;Left;0;2800;Unkown
0;796;0,8604829;1000;(0.031, 0.084, -30.303);(0.002, 0.064, 0.000);0;Left;0;2800;Unkown
0;797;0,8597698;1000;(0.031, 0.084, -30.282);(0.002, 0.064, 0.000);0;Left;0;2800;Unkown
0;798;0,8590608;1000;(0.031, 0.084, -30.262);(0.002, 0.064, 0.000);0;Left;0;2800;Unkown
0;799;0,855712;1000;(0.031, 0.084, -30.241);(0.003, 0.064, 0.000);0;Left;0;2800;Unkown
0;800;0,8524619;1000;(0.032, 0.084, -30.220);(0.005, 0.064, 0.000);0;Left;0;2800;Unkown
