Synchronised for index in Unity SpawnFountain,,,,,,,,,,,,,,,,,,,,,,,,,,,,,,,,,,,,,,,,,,,,
19,15,6,23,36,28,2,32,10,42,39,41,43,26,13,40,0,44,9,27,31,35,14,1,5,22,18,17,34,8,21,25,38,30,12,4,11,3,24,33,16,7,29,37,20
28,15,23,32,10,6,19,2,36,26,42,43,44,39,0,13,41,40,14,31,5,18,22,35,27,9,1,12,4,25,34,17,8,30,38,21,7,33,29,37,20,16,24,3,11
6,23,2,32,19,36,15,28,10,8,21,12,25,30,34,38,17,4,40,13,41,43,0,44,26,39,42,18,1,22,31,35,9,5,27,14,37,3,11,24,16,29,33,7,20
6,19,10,23,28,32,36,15,2,21,8,25,34,4,38,12,17,30,40,0,41,43,44,26,13,42,39,35,1,9,22,14,27,31,5,18,37,7,29,24,33,11,20,3,16
13,42,41,26,44,43,40,0,39,31,9,27,5,14,1,22,18,35,32,36,10,28,19,2,6,23,15,20,7,37,3,16,11,33,24,29,30,17,4,25,21,12,8,38,34
43,26,42,13,39,0,41,40,44,31,35,9,27,18,1,5,22,14,19,6,36,2,15,10,32,23,28,29,16,3,24,20,11,7,37,33,17,34,12,21,38,25,4,8,30
1,27,31,5,18,14,9,22,35,37,16,24,7,20,33,3,11,29,6,28,15,23,10,2,36,19,32,39,0,44,42,40,26,13,43,41,38,8,4,34,25,17,30,12,21
35,14,22,5,18,31,1,9,27,7,29,16,24,11,3,37,20,33,15,2,36,28,19,10,6,32,23,44,13,0,43,41,39,42,26,40,38,34,30,17,25,12,8,21,4
17,38,12,8,4,30,34,25,21,15,32,36,2,28,10,19,6,23,5,18,22,31,35,14,27,9,1,26,0,43,42,39,44,13,41,40,11,29,3,24,37,16,20,7,33
17,34,38,4,30,12,21,8,25,6,19,23,32,36,15,28,10,2,9,1,31,27,14,35,5,22,18,26,42,0,41,44,39,40,13,43,3,24,20,29,16,33,7,37,11
23,15,28,36,6,19,10,2,32,1,5,35,22,9,31,14,27,18,20,16,29,7,11,24,3,37,33,0,42,41,40,43,26,39,13,44,12,17,25,8,4,30,21,38,34
2,6,36,23,10,32,15,28,19,18,14,27,5,9,22,1,35,31,3,29,24,20,33,11,16,7,37,26,39,41,13,0,42,40,44,43,25,38,8,4,12,30,34,17,21
7,16,29,24,33,37,11,3,20,39,42,13,44,43,26,41,40,0,15,19,23,28,36,6,10,32,2,4,38,30,12,8,25,21,17,34,14,18,9,27,35,1,22,31,5
16,29,7,37,33,11,24,20,3,39,40,41,42,44,13,26,43,0,2,36,28,10,6,23,19,15,32,17,21,12,30,38,4,25,34,8,18,22,14,1,27,31,5,9,35
9,27,1,5,14,22,35,31,18,39,40,42,43,0,13,44,41,26,25,34,8,21,4,30,12,17,38,29,3,11,7,16,24,33,37,20,23,32,10,36,15,2,19,6,28
14,18,27,31,1,5,35,22,9,41,43,13,40,0,42,26,39,44,30,4,12,8,17,25,34,38,21,24,33,11,37,16,3,20,7,29,2,32,36,19,28,6,23,15,10
13,39,40,41,44,43,0,42,26,8,21,38,25,30,17,4,12,34,19,15,32,2,23,6,36,10,28,14,22,35,31,1,27,18,9,5,3,33,20,29,24,37,7,16,11
13,40,44,41,42,39,0,26,43,21,17,34,4,25,8,38,12,30,15,23,36,32,2,28,19,10,6,1,31,18,27,22,35,5,14,9,3,11,20,7,16,33,37,24,29
13,44,26,40,42,39,0,43,41,6,23,2,10,36,32,19,28,15,11,33,29,16,24,37,20,7,3,22,1,5,18,9,35,27,14,31,38,4,8,21,34,12,25,30,17
13,41,0,26,44,43,40,42,39,10,32,28,15,23,36,19,6,2,24,3,7,20,11,37,29,16,33,35,1,5,18,31,9,22,27,14,38,4,12,25,21,8,30,17,34
5,9,27,14,31,1,35,18,22,32,23,36,2,10,28,19,15,6,39,44,42,40,13,26,43,0,41,8,12,30,34,4,21,17,38,25,11,3,33,29,16,37,7,24,20
31,22,35,1,9,27,18,14,5,15,36,28,19,6,10,32,2,23,13,26,42,43,0,40,39,44,41,12,4,34,30,17,38,8,25,21,16,33,20,37,29,3,11,24,7
16,24,7,33,3,37,11,29,20,22,31,18,14,1,35,5,27,9,21,12,8,25,38,34,4,30,17,10,2,32,6,28,15,19,23,36,44,42,40,0,39,41,13,43,26
24,33,20,16,3,37,7,29,11,18,9,5,22,35,31,1,27,14,12,4,34,8,30,17,21,25,38,36,28,19,2,15,23,6,32,10,44,41,39,40,0,26,13,43,42
20,33,11,29,37,3,24,16,7,36,19,23,6,15,32,10,28,2,1,9,14,31,27,22,35,5,18,44,0,39,43,41,40,42,13,26,38,4,12,21,30,25,8,34,17
37,20,24,7,16,33,11,29,3,2,10,15,32,28,23,36,6,19,35,1,14,31,22,18,27,5,9,44,0,26,40,42,41,13,43,39,30,21,38,34,25,8,12,17,4
36,23,15,28,6,2,19,10,32,17,4,21,12,34,8,25,30,38,37,29,7,11,33,20,24,16,3,18,9,22,14,1,5,27,31,35,39,43,40,44,26,41,42,0,13
15,2,19,10,32,6,23,28,36,38,30,8,12,34,21,25,17,4,20,11,24,16,3,7,29,33,37,14,31,18,35,9,22,27,1,5,13,26,43,44,41,0,39,40,42
16,37,3,29,33,11,24,7,20,43,0,44,42,13,26,40,41,39,14,9,31,18,1,27,5,35,22,12,8,34,17,38,21,25,4,30,32,36,6,2,23,19,28,15,10
33,3,37,29,7,11,20,24,16,39,26,43,40,0,42,13,44,41,9,5,31,14,35,18,22,1,27,34,38,8,4,25,21,30,17,12,6,19,36,23,32,2,15,28,10
15,19,23,28,32,36,2,10,6,34,21,25,8,4,30,17,38,12,44,0,42,43,26,41,40,13,39,31,18,1,35,22,5,14,27,9,37,33,29,11,20,24,7,3,16
32,19,23,6,2,28,15,36,10,38,4,30,34,12,25,21,8,17,43,40,0,44,41,13,39,42,26,35,31,27,9,18,22,5,1,14,11,16,29,7,33,37,20,3,24
44,42,43,39,13,26,0,40,41,17,38,4,21,34,8,30,25,12,3,37,11,16,33,29,24,20,7,19,23,2,10,28,32,6,36,15,14,9,5,1,27,18,22,35,31
39,44,0,40,43,13,42,41,26,4,38,12,17,34,30,25,21,8,20,24,3,11,29,33,7,37,16,15,10,6,2,28,19,23,36,32,22,9,35,18,27,5,31,14,1
40,44,43,41,39,42,26,0,13,8,38,30,21,12,25,34,4,17,7,11,24,16,29,20,37,33,3,22,1,35,14,18,9,27,5,31,15,19,32,28,10,6,36,2,23
13,44,42,40,26,41,43,0,39,8,12,25,17,30,21,38,34,4,24,3,37,16,20,11,29,7,33,14,18,31,27,9,5,35,1,22,6,28,36,19,32,15,23,2,10
4,8,34,38,12,30,21,25,17,7,33,37,20,24,3,11,29,16,43,13,42,26,44,39,0,41,40,35,18,9,31,27,22,1,5,14,10,6,19,36,28,32,2,15,23
8,34,38,21,25,4,12,30,17,33,7,29,11,37,16,3,24,20,44,40,26,43,42,41,0,13,39,9,5,18,35,27,31,1,14,22,6,2,36,10,32,28,23,19,15
35,18,1,9,5,27,22,31,14,33,11,3,20,24,7,29,16,37,6,2,15,32,23,10,19,36,28,40,41,42,26,39,13,44,0,43,12,4,21,25,17,30,38,34,8
31,9,1,18,22,5,27,14,35,7,3,16,33,24,11,20,37,29,19,23,28,10,15,6,36,2,32,26,0,40,41,39,42,44,43,13,30,8,12,25,38,17,21,34,4
12,17,30,21,4,38,8,34,25,41,43,40,39,42,44,0,13,26,2,28,10,32,6,36,23,15,19,33,37,16,20,7,11,29,24,3,1,14,18,31,27,5,35,22,9
25,34,21,17,30,38,4,8,12,0,42,26,43,13,44,41,39,40,32,36,15,19,6,10,28,23,2,3,16,20,33,29,7,37,24,11,31,1,14,27,9,5,35,18,22
43,44,26,41,42,40,13,0,39,19,15,2,28,10,6,32,36,23,30,4,21,8,25,34,17,12,38,14,1,5,18,22,35,9,31,27,3,33,11,37,7,16,20,24,29
40,39,0,42,26,13,43,44,41,28,2,19,6,23,32,15,10,36,17,4,8,21,25,38,12,34,30,1,31,9,35,5,14,18,22,27,37,11,16,29,7,20,33,3,24
25,21,17,30,12,34,8,38,4,33,29,20,11,16,37,3,7,24,22,18,9,35,1,27,31,5,14,43,40,26,44,39,13,42,0,41,28,19,23,32,15,6,10,2,36
34,30,21,12,17,38,4,8,25,24,20,11,37,3,29,33,7,16,31,18,9,35,14,5,27,1,22,42,40,41,43,39,13,26,0,44,32,19,6,36,10,23,2,28,15
42,40,0,44,26,39,43,41,13,12,34,4,21,38,25,30,17,8,1,27,9,31,14,35,5,22,18,28,2,6,32,36,10,19,15,23,3,24,37,11,29,33,20,16,7
26,43,0,40,44,41,42,39,13,4,30,12,34,17,38,8,25,21,27,1,5,31,35,9,18,14,22,2,23,36,10,28,32,19,15,6,11,29,7,24,33,37,20,16,3
44,13,42,41,43,0,40,39,26,28,6,23,19,36,10,2,15,32,35,31,18,1,5,22,27,9,14,37,3,20,24,16,7,33,11,29,12,17,30,25,34,38,4,8,21
42,13,41,40,44,26,0,39,43,36,32,19,2,6,23,28,10,15,35,1,18,22,14,5,31,9,27,11,16,29,24,33,37,3,7,20,25,4,21,38,8,34,17,12,30
9,14,35,5,18,1,27,22,31,3,20,24,33,29,16,37,11,7,40,42,39,26,13,41,43,0,44,25,34,21,8,4,12,17,30,38,6,19,32,28,36,2,15,10,23
1,18,22,31,27,14,35,9,5,20,29,16,11,7,24,33,3,37,41,43,40,13,0,26,39,42,44,8,21,34,30,38,4,17,12,25,15,28,32,2,10,36,23,19,6
8,34,25,12,17,21,4,30,38,26,42,0,13,41,39,44,40,43,3,29,7,33,20,37,11,16,24,9,35,27,18,22,5,14,31,1,19,36,10,2,28,15,23,6,32
12,30,4,8,25,17,38,21,34,0,42,13,43,40,44,26,39,41,11,37,29,20,24,7,16,33,3,18,35,9,1,27,14,22,5,31,10,36,15,32,28,6,19,2,23
38,12,21,30,25,34,8,4,17,33,20,37,7,11,16,29,3,24,26,0,43,13,40,39,42,41,44,22,27,35,31,9,5,1,14,18,2,36,15,32,6,23,10,19,28
34,21,38,8,12,17,30,4,25,11,3,33,7,20,16,29,24,37,41,42,44,43,26,13,0,39,40,1,35,14,31,5,22,9,18,27,10,32,2,15,6,19,23,28,36
8,4,38,34,12,17,30,25,21,35,18,5,14,22,9,27,31,1,26,42,40,13,39,41,0,43,44,23,10,32,15,36,6,2,28,19,37,3,7,20,29,11,33,16,24
38,21,8,17,25,12,30,34,4,9,27,18,5,14,22,1,31,35,41,26,43,39,44,13,0,42,40,36,2,6,19,28,10,32,15,23,33,29,24,20,7,3,37,16,11
2,36,23,15,32,10,28,19,6,41,26,13,43,40,0,44,42,39,9,18,27,5,14,31,35,22,1,25,4,17,30,38,8,34,12,21,16,20,7,29,3,37,24,11,33
23,10,6,32,19,2,36,28,15,26,40,42,13,39,43,44,41,0,22,1,14,27,35,5,31,9,18,17,21,8,30,4,38,25,12,34,7,33,20,24,37,29,3,16,11